strain_name,plate_pos,date_collection,site_collection,plant_num,leaf_num,OTU_assignment
plate1.A10,A10,11_12_2015,Eyach,153,b,OTU1
plate1.A11,A11,11_12_2015,Eyach,171,b,OTU1
plate1.A12,A12,11_12_2015,Eyach,171,b,OTU1
plate1.A2,A2,11_12_2015,Eyach,107,a,OTU1
plate1.A3,A3,11_12_2015,Eyach,160,b,OTU1
plate1.A4,A4,11_12_2015,Eyach,160,b,OTU1
plate1.A5,A5,11_12_2015,Eyach,101,a,OTU1
plate1.A7,A7,11_12_2015,Eyach,97,a,OTU1
plate1.A8,A8,11_12_2015,Eyach,136,a,OTU1
plate1.A9,A9,11_12_2015,Eyach,136,a,OTU1
plate1.B1,B1,11_12_2015,Eyach,107,a,OTU1
plate1.B10,B10,11_12_2015,Eyach,153,b,OTU1
plate1.B11,B11,11_12_2015,Eyach,171,b,OTU1
plate1.B12,B12,11_12_2015,Eyach,171,b,OTU1
plate1.B2,B2,11_12_2015,Eyach,107,a,OTU1
plate1.B3,B3,11_12_2015,Eyach,160,b,OTU1
plate1.B4,B4,11_12_2015,Eyach,160,b,OTU1
plate1.B5,B5,11_12_2015,Eyach,101,a,OTU1
plate1.B6,B6,11_12_2015,Eyach,101,a,OTU1
plate1.B7,B7,11_12_2015,Eyach,97,a,OTU1
plate1.B8,B8,11_12_2015,Eyach,136,a,OTU1
plate1.B9,B9,11_12_2015,Eyach,136,a,OTU1
plate1.C1,C1,11_12_2015,Eyach,116,a,OTU1
plate1.C10,C10,11_12_2015,Eyach,137,a,OTU1
plate1.C11,C11,11_12_2015,Eyach,137,a,OTU1
plate1.C12,C12,11_12_2015,Eyach,98,a,OTU1
plate1.C2,C2,11_12_2015,Eyach,182,b,OTU1
plate1.C3,C3,11_12_2015,Eyach,182,b,OTU1
plate1.C4,C4,11_12_2015,Eyach,103,a,OTU1
plate1.C5,C5,11_12_2015,Eyach,139,a,OTU4
plate1.C6,C6,11_12_2015,Eyach,122,a,OTU1
plate1.C7,C7,11_12_2015,Eyach,170,b,OTU1
plate1.C8,C8,11_12_2015,Eyach,159,b,OTU1
plate1.C9,C9,11_12_2015,Eyach,159,b,OTU1
plate1.D1,D1,11_12_2015,Eyach,116,a,OTU1
plate1.D10,D10,11_12_2015,Eyach,137,a,OTU1
plate1.D11,D11,11_12_2015,Eyach,137,a,OTU1
plate1.D12,D12,11_12_2015,Eyach,98,a,OTU1
plate1.D2,D2,11_12_2015,Eyach,182,b,OTU1
plate1.D3,D3,11_12_2015,Eyach,182,b,OTU1
plate1.D4,D4,11_12_2015,Eyach,103,a,OTU1
plate1.D5,D5,11_12_2015,Eyach,139,a,OTU1
plate1.D6,D6,11_12_2015,Eyach,122,a,OTU1
plate1.D7,D7,11_12_2015,Eyach,170,b,OTU1
plate1.D8,D8,11_12_2015,Eyach,159,b,OTU1
plate1.D9,D9,11_12_2015,Eyach,159,b,OTU1
plate1.E1,E1,11_12_2015,Eyach,98,a,OTU1
plate1.E3,E3,11_12_2015,Eyach,108,a,OTU1
plate1.E4,E4,11_12_2015,Eyach,108,a,OTU1
plate1.E5,E5,11_12_2015,Eyach,123,a,OTU1
plate1.E6,E6,11_12_2015,Eyach,135,a,OTU7
plate1.E7,E7,11_12_2015,Eyach,99,a,OTU1
plate1.E8,E8,11_12_2015,Eyach,99,a,OTU1
plate1.F1,F1,11_12_2015,Eyach,98,a,OTU2
plate1.F10,F10,11_12_2015,Eyach,106,a,OTU1
plate1.F12,F12,11_12_2015,Eyach,155,b,OTU1
plate1.F2,F2,11_12_2015,Eyach,98,a,OTU2
plate1.F3,F3,11_12_2015,Eyach,108,a,OTU1
plate1.F4,F4,11_12_2015,Eyach,108,a,OTU1
plate1.F5,F5,11_12_2015,Eyach,123,a,OTU1
plate1.F7,F7,11_12_2015,Eyach,99,a,OTU1
plate1.F8,F8,11_12_2015,Eyach,99,a,OTU1
plate1.F9,F9,11_12_2015,Eyach,106,a,OTU1
plate1.G1,G1,11_12_2015,Eyach,114,a,OTU1
plate1.G11,G11,11_12_2015,Eyach,172,b,OTU1
plate1.G12,G12,11_12_2015,Eyach,124,a,OTU2
plate1.G2,G2,11_12_2015,Eyach,93,a,OTU1
plate1.G3,G3,11_12_2015,Eyach,93,a,OTU1
plate1.G4,G4,11_12_2015,Eyach,184,b,OTU1
plate1.G5,G5,11_12_2015,Eyach,119,a,OTU1
plate1.G6,G6,11_12_2015,Eyach,132,a,OTU1
plate1.G7,G7,11_12_2015,Eyach,132,a,OTU1
plate1.G8,G8,11_12_2015,Eyach,134,a,OTU1
plate1.G9,G9,11_12_2015,Eyach,134,a,OTU1
plate1.H1,H1,11_12_2015,Eyach,114,a,OTU1
plate1.H11,H11,11_12_2015,Eyach,152,b,OTU1
plate1.H12,H12,11_12_2015,Eyach,152,b,OTU1
plate1.H2,H2,11_12_2015,Eyach,93,a,OTU1
plate1.H3,H3,11_12_2015,Eyach,93,a,OTU1
plate1.H4,H4,11_12_2015,Eyach,184,b,OTU1
plate1.H5,H5,11_12_2015,Eyach,119,a,OTU1
plate1.H6,H6,11_12_2015,Eyach,132,a,OTU1
plate1.H7,H7,11_12_2015,Eyach,132,a,OTU1
plate1.H8,H8,11_12_2015,Eyach,134,a,OTU5
plate1.H9,H9,11_12_2015,Eyach,181,b,OTU1
plate11.A1,A1,11_12_2015,Eyach,107,a,OTU1
plate11.A10,A10,11_12_2015,Eyach,175,b,OTU1
plate11.A11,A11,11_12_2015,Eyach,171,b,OTU1
plate11.A12,A12,11_12_2015,Eyach,155,b,OTU1
plate11.A2,A2,11_12_2015,Eyach,107,a,OTU1
plate11.A3,A3,11_12_2015,Eyach,160,b,OTU1
plate11.A4,A4,11_12_2015,Eyach,160,b,OTU4
plate11.A5,A5,11_12_2015,Eyach,101,a,OTU1
plate11.A6,A6,11_12_2015,Eyach,97,a,OTU2
plate11.A7,A7,11_12_2015,Eyach,136,a,OTU1
plate11.A8,A8,11_12_2015,Eyach,136,a,OTU1
plate11.A9,A9,11_12_2015,Eyach,149,b,OTU1
plate11.B1,B1,11_12_2015,Eyach,107,a,OTU1
plate11.B10,B10,11_12_2015,Eyach,175,b,OTU1
plate11.B11,B11,11_12_2015,Eyach,171,b,OTU1
plate11.B12,B12,11_12_2015,Eyach,155,b,OTU1
plate11.B2,B2,11_12_2015,Eyach,107,a,OTU1
plate11.B4,B4,11_12_2015,Eyach,160,b,OTU4
plate11.B5,B5,11_12_2015,Eyach,101,a,OTU4
plate11.B6,B6,11_12_2015,Eyach,97,a,OTU1
plate11.B7,B7,11_12_2015,Eyach,97,a,OTU2
plate11.B8,B8,11_12_2015,Eyach,136,a,OTU1
plate11.B9,B9,11_12_2015,Eyach,149,b,OTU1
plate11.C1,C1,11_12_2015,Eyach,116,a,OTU1
plate11.C10,C10,11_12_2015,Eyach,137,a,OTU1
plate11.C11,C11,11_12_2015,Eyach,124,a,OTU1
plate11.C12,C12,11_12_2015,Eyach,124,a,OTU1
plate11.C2,C2,11_12_2015,Eyach,182,b,OTU1
plate11.C3,C3,11_12_2015,Eyach,103,a,OTU1
plate11.C4,C4,11_12_2015,Eyach,139,a,OTU1
plate11.C5,C5,11_12_2015,Eyach,140,a,OTU4
plate11.C6,C6,11_12_2015,Eyach,170,b,OTU6
plate11.C7,C7,11_12_2015,Eyach,170,b,OTU2
plate11.C8,C8,11_12_2015,Eyach,159,b,OTU1
plate11.C9,C9,11_12_2015,Eyach,137,a,OTU1
plate11.D1,D1,11_12_2015,Eyach,182,b,OTU1
plate11.D2,D2,11_12_2015,Eyach,103,a,OTU1
plate11.D3,D3,11_12_2015,Eyach,140,a,OTU2
plate11.D4,D4,11_12_2015,Eyach,139,a,OTU2
plate11.D6,D6,11_12_2015,Eyach,170,b,OTU1
plate11.D8,D8,11_12_2015,Eyach,137,a,OTU1
plate11.D9,D9,11_12_2015,Eyach,137,a,OTU1
plate11.E1,E1,11_12_2015,Eyach,98,a,OTU1
plate11.E10,E10,11_12_2015,Eyach,114,a,OTU1
plate11.E11,E11,11_12_2015,Eyach,114,a,OTU2
plate11.E2,E2,11_12_2015,Eyach,108,a,OTU1
plate11.E3,E3,11_12_2015,Eyach,108,a,OTU2
plate11.E4,E4,11_12_2015,Eyach,123,a,OTU2
plate11.E6,E6,11_12_2015,Eyach,99,a,OTU1
plate11.E7,E7,11_12_2015,Eyach,99,a,OTU1
plate11.E8,E8,11_12_2015,Eyach,106,a,OTU1
plate11.E9,E9,11_12_2015,Eyach,106,a,OTU1
plate11.F1,F1,11_12_2015,Eyach,98,a,OTU2
plate11.F10,F10,11_12_2015,Eyach,114,a,OTU1
plate11.F11,F11,11_12_2015,Eyach,155,b,OTU2
plate11.F2,F2,11_12_2015,Eyach,108,a,OTU1
plate11.F3,F3,11_12_2015,Eyach,108,a,OTU1
plate11.F6,F6,11_12_2015,Eyach,99,a,OTU1
plate11.F7,F7,11_12_2015,Eyach,99,a,OTU2
plate11.F8,F8,11_12_2015,Eyach,106,a,OTU1
plate11.F9,F9,11_12_2015,Eyach,106,a,OTU5
plate11.G1,G1,11_12_2015,Eyach,158,b,OTU3
plate11.G10,G10,11_12_2015,Eyach,172,b,OTU1
plate11.G11,G11,11_12_2015,Eyach,126,a,OTU1
plate11.G2,G2,11_12_2015,Eyach,93,a,OTU6
plate11.G3,G3,11_12_2015,Eyach,93,a,OTU5
plate11.G4,G4,11_12_2015,Eyach,184,b,OTU1
plate11.G5,G5,11_12_2015,Eyach,119,a,OTU3
plate11.G7,G7,11_12_2015,Eyach,134,a,OTU1
plate11.G8,G8,11_12_2015,Eyach,134,a,OTU1
plate11.G9,G9,11_12_2015,Eyach,134,a,OTU1
plate11.H1,H1,11_12_2015,Eyach,158,b,OTU3
plate11.H10,H10,11_12_2015,Eyach,172,b,OTU1
plate11.H11,H11,11_12_2015,Eyach,126,a,OTU10
plate11.H12,H12,11_12_2015,Eyach,142,b,OTU1
plate11.H3,H3,11_12_2015,Eyach,93,a,OTU6
plate11.H4,H4,11_12_2015,Eyach,184,b,OTU1
plate11.H5,H5,11_12_2015,Eyach,119,a,OTU3
plate11.H6,H6,11_12_2015,Eyach,132,a,OTU1
plate11.H7,H7,11_12_2015,Eyach,134,a,OTU1
plate11.H8,H8,11_12_2015,Eyach,134,a,OTU1
plate11.H9,H9,11_12_2015,Eyach,134,a,OTU1
plate12.A1,A1,11_12_2015,Eyach,181,b,OTU1
plate12.A10,A10,11_12_2015,Eyach,155,b,OTU1
plate12.A11,A11,11_12_2015,Eyach,155,b,OTU1
plate12.A2,A2,11_12_2015,Eyach,142,b,OTU1
plate12.A5,A5,11_12_2015,Eyach,152,b,OTU1
plate12.A6,A6,11_12_2015,Eyach,124,a,OTU1
plate12.A7,A7,11_12_2015,Eyach,124,a,OTU1
plate12.A8,A8,11_12_2015,Eyach,124,a,OTU1
plate12.A9,A9,11_12_2015,Eyach,155,b,OTU2
plate12.B1,B1,11_12_2015,Eyach,177,b,OTU1
plate12.B10,B10,11_12_2015,Eyach,100,a,OTU1
plate12.B11,B11,11_12_2015,Eyach,105,a,OTU1
plate12.B2,B2,11_12_2015,Eyach,177,b,OTU1
plate12.B3,B3,11_12_2015,Eyach,164,b,OTU1
plate12.B5,B5,11_12_2015,Eyach,113,a,OTU1
plate12.B6,B6,11_12_2015,Eyach,180,b,OTU1
plate12.B7,B7,11_12_2015,Eyach,180,b,OTU1
plate12.B8,B8,11_12_2015,Eyach,131,a,OTU1
plate12.B9,B9,11_12_2015,Eyach,131,a,OTU1
plate12.C1,C1,11_12_2015,Eyach,177,b,OTU1
plate12.C10,C10,11_12_2015,Eyach,100,a,OTU1
plate12.C11,C11,11_12_2015,Eyach,105,a,OTU2
plate12.C2,C2,11_12_2015,Eyach,177,b,OTU1
plate12.C3,C3,11_12_2015,Eyach,164,b,OTU1
plate12.C5,C5,11_12_2015,Eyach,113,a,OTU1
plate12.C6,C6,11_12_2015,Eyach,180,b,OTU1
plate12.C7,C7,11_12_2015,Eyach,180,b,OTU1
plate12.C8,C8,11_12_2015,Eyach,131,a,OTU1
plate12.C9,C9,11_12_2015,Eyach,131,a,OTU1
plate12.D1,D1,11_12_2015,Eyach,128,a,OTU1
plate12.D12,D12,11_12_2015,Eyach,102,a,OTU1
plate12.D2,D2,11_12_2015,Eyach,161,b,OTU1
plate12.D5,D5,11_12_2015,Eyach,176,b,OTU1
plate12.D6,D6,11_12_2015,Eyach,176,b,OTU1
plate12.D8,D8,11_12_2015,Eyach,179,b,OTU1
plate12.D9,D9,11_12_2015,Eyach,179,b,OTU1
plate12.E1,E1,11_12_2015,Eyach,128,a,OTU1
plate12.E10,E10,11_12_2015,Eyach,173,b,OTU1
plate12.E11,E11,11_12_2015,Eyach,102,a,OTU1
plate12.E2,E2,11_12_2015,Eyach,161,b,OTU1
plate12.E3,E3,11_12_2015,Eyach,133,a,OTU1
plate12.E4,E4,11_12_2015,Eyach,133,a,OTU1
plate12.E5,E5,11_12_2015,Eyach,176,b,OTU1
plate12.E6,E6,11_12_2015,Eyach,176,b,OTU1
plate12.E7,E7,11_12_2015,Eyach,179,b,OTU1
plate12.E8,E8,11_12_2015,Eyach,179,b,OTU1
plate12.E9,E9,11_12_2015,Eyach,173,b,OTU1
plate12.F1,F1,15_12_2015,Det-2,195,b,OTU1
plate12.F10,F10,15_12_2015,Det-2,191,a,OTU1
plate12.F11,F11,15_12_2015,Det-2,191,a,OTU1
plate12.F12,F12,15_12_2015,Det-2,191,a,OTU4
plate12.F2,F2,15_12_2015,Det-2,195,b,OTU1
plate12.F3,F3,15_12_2015,Det-2,213,b,OTU1
plate12.F6,F6,15_12_2015,Det-2,213,b,OTU1
plate12.F9,F9,15_12_2015,Det-2,222,a,OTU1
plate12.G1,G1,15_12_2015,Det-2,193,a,OTU1
plate12.G2,G2,15_12_2015,Det-2,216,a,OTU1
plate12.G3,G3,15_12_2015,Det-2,216,a,OTU1
plate12.G4,G4,15_12_2015,Det-2,209,b,OTU1
plate12.G5,G5,15_12_2015,Det-2,200,b,OTU1
plate12.G6,G6,15_12_2015,Det-2,211,b,OTU1
plate12.G7,G7,15_12_2015,Det-2,215,a,OTU1
plate12.G8,G8,15_12_2015,Det-2,208,b,OTU1
plate12.H1,H1,15_12_2015,Det-2,193,a,OTU1
plate12.H10,H10,15_12_2015,Det-2,202,a,OTU1
plate12.H2,H2,15_12_2015,Det-2,216,a,OTU1
plate12.H3,H3,15_12_2015,Det-2,216,a,OTU1
plate12.H4,H4,15_12_2015,Det-2,209,b,OTU1
plate12.H5,H5,15_12_2015,Det-2,200,b,OTU1
plate12.H6,H6,15_12_2015,Det-2,211,b,OTU1
plate12.H7,H7,15_12_2015,Det-2,215,a,OTU2
plate12.H8,H8,15_12_2015,Det-2,208,b,OTU1
plate12.H9,H9,15_12_2015,Det-2,221,b,OTU4
plate13.A1,A1,11_12_2015,Eyach,107,a,OTU1
plate13.A10,A10,11_12_2015,Eyach,171,b,OTU1
plate13.A11,A11,11_12_2015,Eyach,171,b,OTU1
plate13.A2,A2,11_12_2015,Eyach,107,a,OTU1
plate13.A3,A3,11_12_2015,Eyach,160,b,OTU1
plate13.A4,A4,11_12_2015,Eyach,101,a,OTU1
plate13.A8,A8,11_12_2015,Eyach,136,a,OTU1
plate13.B1,B1,11_12_2015,Eyach,107,a,OTU1
plate13.B10,B10,11_12_2015,Eyach,171,b,OTU1
plate13.B2,B2,11_12_2015,Eyach,107,a,OTU1
plate13.B3,B3,11_12_2015,Eyach,160,b,OTU1
plate13.B4,B4,11_12_2015,Eyach,101,a,OTU3
plate13.B5,B5,11_12_2015,Eyach,101,a,OTU3
plate13.B6,B6,11_12_2015,Eyach,97,a,OTU1
plate13.B7,B7,11_12_2015,Eyach,97,a,OTU1
plate13.B8,B8,11_12_2015,Eyach,136,a,OTU1
plate13.B9,B9,11_12_2015,Eyach,171,b,OTU1
plate13.C1,C1,11_12_2015,Eyach,182,b,OTU1
plate13.C10,C10,11_12_2015,Eyach,98,a,OTU2
plate13.C11,C11,11_12_2015,Eyach,124,a,OTU1
plate13.C12,C12,11_12_2015,Eyach,124,a,OTU1
plate13.C2,C2,11_12_2015,Eyach,182,b,OTU1
plate13.C3,C3,11_12_2015,Eyach,103,a,OTU1
plate13.C5,C5,11_12_2015,Eyach,170,b,OTU1
plate13.C6,C6,11_12_2015,Eyach,170,b,OTU1
plate13.C7,C7,11_12_2015,Eyach,159,b,OTU1
plate13.C8,C8,11_12_2015,Eyach,137,a,OTU1
plate13.C9,C9,11_12_2015,Eyach,137,a,OTU1
plate13.D1,D1,11_12_2015,Eyach,182,b,OTU1
plate13.D10,D10,11_12_2015,Eyach,137,a,OTU1
plate13.D11,D11,11_12_2015,Eyach,98,a,OTU2
plate13.D12,D12,11_12_2015,Eyach,124,a,OTU1
plate13.D2,D2,11_12_2015,Eyach,182,b,OTU1
plate13.D3,D3,11_12_2015,Eyach,103,a,OTU1
plate13.D5,D5,11_12_2015,Eyach,139,a,OTU5
plate13.D6,D6,11_12_2015,Eyach,170,b,OTU1
plate13.D7,D7,11_12_2015,Eyach,170,b,OTU1
plate13.D8,D8,11_12_2015,Eyach,159,b,OTU1
plate13.D9,D9,11_12_2015,Eyach,137,a,OTU1
plate13.E1,E1,11_12_2015,Eyach,98,a,OTU2
plate13.E10,E10,11_12_2015,Eyach,114,a,OTU1
plate13.E11,E11,11_12_2015,Eyach,114,a,OTU1
plate13.E12,E12,11_12_2015,Eyach,152,b,OTU1
plate13.E2,E2,11_12_2015,Eyach,108,a,OTU1
plate13.E3,E3,11_12_2015,Eyach,108,a,OTU1
plate13.E4,E4,11_12_2015,Eyach,123,a,OTU1
plate13.E6,E6,11_12_2015,Eyach,99,a,OTU1
plate13.E7,E7,11_12_2015,Eyach,99,a,OTU1
plate13.E8,E8,11_12_2015,Eyach,106,a,OTU1
plate13.E9,E9,11_12_2015,Eyach,106,a,OTU1
plate13.F1,F1,11_12_2015,Eyach,98,a,OTU2
plate13.F10,F10,11_12_2015,Eyach,114,a,OTU1
plate13.F11,F11,11_12_2015,Eyach,114,a,OTU1
plate13.F12,F12,11_12_2015,Eyach,152,b,OTU1
plate13.F2,F2,11_12_2015,Eyach,108,a,OTU1
plate13.F3,F3,11_12_2015,Eyach,108,a,OTU1
plate13.F4,F4,11_12_2015,Eyach,123,a,OTU1
plate13.F5,F5,11_12_2015,Eyach,135,a,OTU7
plate13.F6,F6,11_12_2015,Eyach,99,a,OTU1
plate13.F7,F7,11_12_2015,Eyach,99,a,OTU1
plate13.F8,F8,11_12_2015,Eyach,106,a,OTU1
plate13.F9,F9,11_12_2015,Eyach,106,a,OTU1
plate13.G1,G1,11_12_2015,Eyach,158,b,OTU1
plate13.G10,G10,11_12_2015,Eyach,172,b,OTU4
plate13.G2,G2,11_12_2015,Eyach,93,a,OTU1
plate13.G3,G3,11_12_2015,Eyach,184,b,OTU1
plate13.G4,G4,11_12_2015,Eyach,184,b,OTU1
plate13.G5,G5,11_12_2015,Eyach,132,a,OTU1
plate13.G6,G6,11_12_2015,Eyach,132,a,OTU1
plate13.G7,G7,11_12_2015,Eyach,134,a,OTU1
plate13.G8,G8,11_12_2015,Eyach,134,a,OTU1
plate13.H10,H10,11_12_2015,Eyach,126,a,OTU1
plate13.H11,H11,11_12_2015,Eyach,181,b,OTU1
plate13.H12,H12,11_12_2015,Eyach,142,b,OTU1
plate13.H2,H2,11_12_2015,Eyach,93,a,OTU1
plate13.H3,H3,11_12_2015,Eyach,184,b,OTU1
plate13.H4,H4,11_12_2015,Eyach,184,b,OTU1
plate13.H5,H5,11_12_2015,Eyach,132,a,OTU1
plate13.H6,H6,11_12_2015,Eyach,132,a,OTU1
plate13.H7,H7,11_12_2015,Eyach,134,a,OTU1
plate13.H9,H9,11_12_2015,Eyach,134,a,OTU4
plate2.A1,A1,11_12_2015,Eyach,181,b,OTU1
plate2.A10,A10,11_12_2015,Eyach,155,b,OTU1
plate2.A11,A11,11_12_2015,Eyach,155,b,OTU1
plate2.A2,A2,11_12_2015,Eyach,181,b,OTU1
plate2.A5,A5,11_12_2015,Eyach,152,b,OTU1
plate2.A6,A6,11_12_2015,Eyach,152,b,OTU1
plate2.A7,A7,11_12_2015,Eyach,124,a,OTU1
plate2.A8,A8,11_12_2015,Eyach,124,a,OTU1
plate2.A9,A9,11_12_2015,Eyach,155,b,OTU1
plate2.B1,B1,11_12_2015,Eyach,155,b,OTU1
plate2.B10,B10,11_12_2015,Eyach,100,a,OTU1
plate2.B2,B2,11_12_2015,Eyach,177,b,OTU1
plate2.B3,B3,11_12_2015,Eyach,177,b,OTU1
plate2.B4,B4,11_12_2015,Eyach,164,b,OTU1
plate2.B5,B5,11_12_2015,Eyach,113,a,OTU4
plate2.B6,B6,11_12_2015,Eyach,180,b,OTU9
plate2.B7,B7,11_12_2015,Eyach,180,b,OTU1
plate2.B8,B8,11_12_2015,Eyach,131,a,OTU1
plate2.B9,B9,11_12_2015,Eyach,131,a,OTU1
plate2.C1,C1,11_12_2015,Eyach,155,b,OTU1
plate2.C10,C10,11_12_2015,Eyach,100,a,OTU1
plate2.C11,C11,11_12_2015,Eyach,100,a,OTU3
plate2.C2,C2,11_12_2015,Eyach,177,b,OTU1
plate2.C3,C3,11_12_2015,Eyach,177,b,OTU1
plate2.C4,C4,11_12_2015,Eyach,164,b,OTU4
plate2.C5,C5,11_12_2015,Eyach,113,a,OTU1
plate2.C6,C6,11_12_2015,Eyach,180,b,OTU2
plate2.C7,C7,11_12_2015,Eyach,180,b,OTU1
plate2.C8,C8,11_12_2015,Eyach,131,a,OTU1
plate2.C9,C9,11_12_2015,Eyach,131,a,OTU7
plate2.D1,D1,11_12_2015,Eyach,128,a,OTU1
plate2.D10,D10,11_12_2015,Eyach,173,b,OTU2
plate2.D2,D2,11_12_2015,Eyach,110,a,OTU1
plate2.D3,D3,11_12_2015,Eyach,133,a,OTU1
plate2.D4,D4,11_12_2015,Eyach,133,a,OTU2
plate2.D5,D5,11_12_2015,Eyach,104,a,OTU1
plate2.D6,D6,11_12_2015,Eyach,176,b,OTU1
plate2.D7,D7,11_12_2015,Eyach,179,b,OTU1
plate2.D8,D8,11_12_2015,Eyach,179,b,OTU1
plate2.D9,D9,11_12_2015,Eyach,112,a,OTU1
plate2.E1,E1,11_12_2015,Eyach,128,a,OTU1
plate2.E10,E10,11_12_2015,Eyach,173,b,OTU2
plate2.E2,E2,11_12_2015,Eyach,110,a,OTU1
plate2.E3,E3,11_12_2015,Eyach,133,a,OTU1
plate2.E4,E4,11_12_2015,Eyach,133,a,OTU6
plate2.E6,E6,11_12_2015,Eyach,176,b,OTU1
plate2.E7,E7,11_12_2015,Eyach,179,b,OTU1
plate2.E8,E8,11_12_2015,Eyach,179,b,OTU1
plate2.E9,E9,11_12_2015,Eyach,112,a,OTU1
plate2.F1,F1,15_12_2015,Det-2,195,b,OTU2
plate2.F10,F10,15_12_2015,Det-2,191,a,OTU1
plate2.F11,F11,15_12_2015,Det-2,191,a,OTU1
plate2.F12,F12,15_12_2015,Det-2,191,a,OTU1
plate2.F2,F2,15_12_2015,Det-2,195,b,OTU1
plate2.F3,F3,15_12_2015,Det-2,195,b,OTU1
plate2.F4,F4,15_12_2015,Det-2,213,b,OTU1
plate2.F5,F5,15_12_2015,Det-2,213,b,OTU1
plate2.F8,F8,15_12_2015,Det-2,222,a,OTU1
plate2.F9,F9,15_12_2015,Det-2,191,a,OTU1
plate2.G1,G1,15_12_2015,Det-2,216,a,OTU6
plate2.G10,G10,15_12_2015,Det-2,205,b,OTU2
plate2.G2,G2,15_12_2015,Det-2,216,a,OTU2
plate2.G3,G3,15_12_2015,Det-2,209,b,OTU1
plate2.G4,G4,15_12_2015,Det-2,200,b,OTU1
plate2.G5,G5,15_12_2015,Det-2,219,a,OTU3
plate2.G6,G6,15_12_2015,Det-2,219,a,OTU3
plate2.G7,G7,15_12_2015,Det-2,215,a,OTU1
plate2.G8,G8,15_12_2015,Det-2,215,a,OTU1
plate2.G9,G9,15_12_2015,Det-2,189,a,OTU2
plate2.H1,H1,15_12_2015,Det-2,193,a,OTU3
plate2.H10,H10,15_12_2015,Det-2,205,b,OTU2
plate2.H2,H2,15_12_2015,Det-2,216,a,OTU6
plate2.H4,H4,15_12_2015,Det-2,209,b,OTU1
plate2.H5,H5,15_12_2015,Det-2,200,b,OTU1
plate2.H6,H6,15_12_2015,Det-2,219,a,OTU3
plate2.H7,H7,15_12_2015,Det-2,215,a,OTU1
plate2.H8,H8,15_12_2015,Det-2,215,a,OTU1
plate2.H9,H9,15_12_2015,Det-2,189,a,OTU2
plate20.A1,A1,23_3_2016,Eyach,285,a,OTU1
plate20.A10,A10,23_3_2016,Eyach,257,b,OTU5
plate20.A11,A11,23_3_2016,Eyach,322,b,OTU1
plate20.A12,A12,23_3_2016,Eyach,316,b,OTU1
plate20.A2,A2,23_3_2016,Eyach,304,a,OTU1
plate20.A3,A3,23_3_2016,Eyach,308,b,OTU1
plate20.A4,A4,23_3_2016,Eyach,271,b,OTU1
plate20.A5,A5,23_3_2016,Eyach,329,b,OTU1
plate20.A7,A7,23_3_2016,Eyach,325,a,OTU1
plate20.A8,A8,23_3_2016,Eyach,326,a,OTU1
plate20.B1,B1,23_3_2016,Eyach,285,a,OTU1
plate20.B10,B10,23_3_2016,Eyach,257,b,OTU5
plate20.B11,B11,23_3_2016,Eyach,322,b,OTU1
plate20.B12,B12,23_3_2016,Eyach,316,b,OTU1
plate20.B2,B2,23_3_2016,Eyach,304,a,OTU1
plate20.B3,B3,23_3_2016,Eyach,308,b,OTU1
plate20.B4,B4,23_3_2016,Eyach,271,b,OTU1
plate20.B5,B5,23_3_2016,Eyach,329,b,OTU1
plate20.B7,B7,23_3_2016,Eyach,325,a,OTU1
plate20.B8,B8,23_3_2016,Eyach,326,a,OTU1
plate20.C1,C1,23_3_2016,Eyach,285,a,OTU1
plate20.C10,C10,23_3_2016,Eyach,257,b,OTU1
plate20.C11,C11,23_3_2016,Eyach,322,b,OTU1
plate20.C12,C12,23_3_2016,Eyach,316,b,OTU1
plate20.C2,C2,23_3_2016,Eyach,304,a,OTU1
plate20.C3,C3,23_3_2016,Eyach,308,b,OTU1
plate20.C4,C4,23_3_2016,Eyach,271,b,OTU1
plate20.C5,C5,23_3_2016,Eyach,329,b,OTU1
plate20.C7,C7,23_3_2016,Eyach,325,a,OTU1
plate20.C9,C9,23_3_2016,Eyach,321,a,OTU1
plate20.D1,D1,23_3_2016,Eyach,285,a,OTU1
plate20.D10,D10,23_3_2016,Eyach,257,b,OTU1
plate20.D11,D11,23_3_2016,Eyach,322,b,OTU1
plate20.D12,D12,23_3_2016,Eyach,316,b,OTU1
plate20.D2,D2,23_3_2016,Eyach,304,a,OTU1
plate20.D3,D3,23_3_2016,Eyach,308,b,OTU1
plate20.D4,D4,23_3_2016,Eyach,271,b,OTU1
plate20.D5,D5,23_3_2016,Eyach,329,b,OTU1
plate20.D7,D7,23_3_2016,Eyach,325,a,OTU1
plate20.D8,D8,23_3_2016,Eyach,326,a,OTU1
plate20.E1,E1,23_3_2016,Eyach,323,a,OTU1
plate20.E10,E10,23_3_2016,Eyach,257,b,OTU1
plate20.E11,E11,23_3_2016,Eyach,322,b,OTU1
plate20.E12,E12,23_3_2016,Eyach,316,b,OTU1
plate20.E2,E2,23_3_2016,Eyach,304,a,OTU1
plate20.E3,E3,23_3_2016,Eyach,308,b,OTU1
plate20.E4,E4,23_3_2016,Eyach,271,b,OTU1
plate20.E5,E5,23_3_2016,Eyach,329,b,OTU1
plate20.E7,E7,23_3_2016,Eyach,325,a,OTU1
plate20.E8,E8,23_3_2016,Eyach,326,a,OTU1
plate20.E9,E9,23_3_2016,Eyach,321,a,OTU1
plate20.F1,F1,23_3_2016,Eyach,323,a,OTU1
plate20.F10,F10,23_3_2016,Eyach,257,b,OTU1
plate20.F11,F11,23_3_2016,Eyach,322,b,OTU1
plate20.F12,F12,23_3_2016,Eyach,316,b,OTU1
plate20.F2,F2,23_3_2016,Eyach,304,a,OTU1
plate20.F3,F3,23_3_2016,Eyach,308,b,OTU1
plate20.F4,F4,23_3_2016,Eyach,271,b,OTU1
plate20.F5,F5,23_3_2016,Eyach,329,b,OTU1
plate20.F8,F8,23_3_2016,Eyach,326,a,OTU1
plate20.F9,F9,23_3_2016,Eyach,321,a,OTU1
plate20.G1,G1,23_3_2016,Eyach,323,a,OTU1
plate20.G10,G10,23_3_2016,Eyach,257,b,OTU1
plate20.G11,G11,23_3_2016,Eyach,322,b,OTU1
plate20.G12,G12,23_3_2016,Eyach,316,b,OTU1
plate20.G2,G2,23_3_2016,Eyach,304,a,OTU1
plate20.G3,G3,23_3_2016,Eyach,308,b,OTU1
plate20.G4,G4,23_3_2016,Eyach,271,b,OTU1
plate20.G5,G5,23_3_2016,Eyach,329,b,OTU1
plate20.G7,G7,23_3_2016,Eyach,325,a,OTU1
plate20.G8,G8,23_3_2016,Eyach,326,a,OTU1
plate20.G9,G9,23_3_2016,Eyach,321,a,OTU1
plate20.H1,H1,23_3_2016,Eyach,323,a,OTU1
plate20.H10,H10,23_3_2016,Eyach,257,b,OTU1
plate20.H11,H11,23_3_2016,Eyach,322,b,OTU1
plate20.H12,H12,23_3_2016,Eyach,316,b,OTU1
plate20.H2,H2,23_3_2016,Eyach,304,a,OTU1
plate20.H3,H3,23_3_2016,Eyach,308,b,OTU1
plate20.H4,H4,23_3_2016,Eyach,271,b,OTU1
plate20.H5,H5,23_3_2016,Eyach,329,b,OTU1
plate20.H7,H7,23_3_2016,Eyach,325,a,OTU1
plate20.H8,H8,23_3_2016,Eyach,326,a,OTU1
plate20.H9,H9,23_3_2016,Eyach,321,a,OTU1
plate21.A1,A1,23_3_2016,Eyach,320,b,OTU1
plate21.A10,A10,23_3_2016,Eyach,273,a,OTU1
plate21.A11,A11,23_3_2016,Eyach,268,b,OTU1
plate21.A12,A12,23_3_2016,Eyach,261,b,OTU1
plate21.A2,A2,23_3_2016,Eyach,311,b,OTU1
plate21.A3,A3,23_3_2016,Eyach,288,b,OTU1
plate21.A4,A4,23_3_2016,Eyach,305,b,OTU1
plate21.A5,A5,23_3_2016,Eyach,315,b,OTU1
plate21.A7,A7,23_3_2016,Eyach,283,b,OTU1
plate21.A8,A8,23_3_2016,Eyach,300,a,OTU1
plate21.A9,A9,23_3_2016,Eyach,286,a,OTU1
plate21.B1,B1,23_3_2016,Eyach,320,b,OTU1
plate21.B10,B10,23_3_2016,Eyach,273,a,OTU1
plate21.B11,B11,23_3_2016,Eyach,268,b,OTU1
plate21.B12,B12,23_3_2016,Eyach,261,b,OTU1
plate21.B2,B2,23_3_2016,Eyach,311,b,OTU1
plate21.B3,B3,23_3_2016,Eyach,288,b,OTU1
plate21.B4,B4,23_3_2016,Eyach,305,b,OTU1
plate21.B5,B5,23_3_2016,Eyach,315,b,OTU1
plate21.B7,B7,23_3_2016,Eyach,283,b,OTU1
plate21.B8,B8,23_3_2016,Eyach,300,a,OTU1
plate21.B9,B9,23_3_2016,Eyach,286,a,OTU1
plate21.C1,C1,23_3_2016,Eyach,320,b,OTU1
plate21.C10,C10,23_3_2016,Eyach,273,a,OTU1
plate21.C11,C11,23_3_2016,Eyach,268,b,OTU1
plate21.C12,C12,23_3_2016,Eyach,261,b,OTU1
plate21.C2,C2,23_3_2016,Eyach,311,b,OTU1
plate21.C3,C3,23_3_2016,Eyach,288,b,OTU1
plate21.C4,C4,23_3_2016,Eyach,305,b,OTU1
plate21.C5,C5,23_3_2016,Eyach,315,b,OTU1
plate21.C7,C7,23_3_2016,Eyach,283,b,OTU1
plate21.C8,C8,23_3_2016,Eyach,300,a,OTU1
plate21.C9,C9,23_3_2016,Eyach,286,a,OTU1
plate21.D1,D1,23_3_2016,Eyach,320,b,OTU1
plate21.D10,D10,23_3_2016,Eyach,273,a,OTU1
plate21.D11,D11,23_3_2016,Eyach,268,b,OTU1
plate21.D2,D2,23_3_2016,Eyach,311,b,OTU1
plate21.D3,D3,23_3_2016,Eyach,288,b,OTU1
plate21.D4,D4,23_3_2016,Eyach,305,b,OTU1
plate21.D5,D5,23_3_2016,Eyach,315,b,OTU1
plate21.D7,D7,23_3_2016,Eyach,283,b,OTU1
plate21.D8,D8,23_3_2016,Eyach,300,a,OTU1
plate21.D9,D9,23_3_2016,Eyach,286,a,OTU1
plate21.E1,E1,23_3_2016,Eyach,320,b,OTU1
plate21.E10,E10,23_3_2016,Eyach,273,a,OTU1
plate21.E11,E11,23_3_2016,Eyach,268,b,OTU1
plate21.E12,E12,23_3_2016,Eyach,261,b,OTU1
plate21.E2,E2,23_3_2016,Eyach,311,b,OTU1
plate21.E3,E3,23_3_2016,Eyach,288,b,OTU1
plate21.E4,E4,23_3_2016,Eyach,305,b,OTU1
plate21.E5,E5,23_3_2016,Eyach,315,b,OTU1
plate21.E7,E7,23_3_2016,Eyach,283,b,OTU1
plate21.E8,E8,23_3_2016,Eyach,300,a,OTU1
plate21.E9,E9,23_3_2016,Eyach,286,a,OTU1
plate21.F1,F1,23_3_2016,Eyach,320,b,OTU1
plate21.F10,F10,23_3_2016,Eyach,273,a,OTU1
plate21.F11,F11,23_3_2016,Eyach,268,b,OTU1
plate21.F12,F12,23_3_2016,Eyach,261,b,OTU1
plate21.F2,F2,23_3_2016,Eyach,311,b,OTU1
plate21.F3,F3,23_3_2016,Eyach,288,b,OTU1
plate21.F4,F4,23_3_2016,Eyach,305,b,OTU1
plate21.F5,F5,23_3_2016,Eyach,315,b,OTU1
plate21.F7,F7,23_3_2016,Eyach,283,b,OTU1
plate21.F8,F8,23_3_2016,Eyach,300,a,OTU1
plate21.F9,F9,23_3_2016,Eyach,286,a,OTU1
plate21.G1,G1,23_3_2016,Eyach,320,b,OTU1
plate21.G10,G10,23_3_2016,Eyach,273,a,OTU1
plate21.G11,G11,23_3_2016,Eyach,268,b,OTU1
plate21.G12,G12,23_3_2016,Eyach,261,b,OTU1
plate21.G2,G2,23_3_2016,Eyach,311,b,OTU1
plate21.G3,G3,23_3_2016,Eyach,288,b,OTU1
plate21.G4,G4,23_3_2016,Eyach,305,b,OTU1
plate21.G5,G5,23_3_2016,Eyach,315,b,OTU1
plate21.G7,G7,23_3_2016,Eyach,283,b,OTU1
plate21.G8,G8,23_3_2016,Eyach,300,a,OTU1
plate21.G9,G9,23_3_2016,Eyach,286,a,OTU1
plate21.H1,H1,23_3_2016,Eyach,320,b,OTU1
plate21.H10,H10,23_3_2016,Eyach,273,a,OTU1
plate21.H11,H11,23_3_2016,Eyach,268,b,OTU1
plate21.H12,H12,23_3_2016,Eyach,261,b,OTU1
plate21.H2,H2,23_3_2016,Eyach,311,b,OTU1
plate21.H3,H3,23_3_2016,Eyach,288,b,OTU1
plate21.H4,H4,23_3_2016,Eyach,305,b,OTU1
plate21.H5,H5,23_3_2016,Eyach,315,b,OTU1
plate21.H7,H7,23_3_2016,Eyach,283,b,OTU1
plate21.H8,H8,23_3_2016,Eyach,300,a,OTU1
plate21.H9,H9,23_3_2016,Eyach,286,a,OTU1
plate22.A1,A1,23_3_2016,Eyach,324,b,OTU1
plate22.A2,A2,23_3_2016,Eyach,280,b,OTU1
plate22.A3,A3,23_3_2016,Eyach,291,NA,OTU1
plate22.A4,A4,23_3_2016,Eyach,295,b,OTU1
plate22.A5,A5,23_3_2016,Eyach,297,a,OTU1
plate22.A7,A7,23_3_2016,Eyach,302,a,OTU1
plate22.A8,A8,23_3_2016,Eyach,294,a,OTU1
plate22.B1,B1,23_3_2016,Eyach,324,b,OTU1
plate22.B2,B2,23_3_2016,Eyach,280,b,OTU1
plate22.B3,B3,23_3_2016,Eyach,293,a,OTU1
plate22.B4,B4,23_3_2016,Eyach,295,b,OTU1
plate22.B5,B5,23_3_2016,Eyach,302,a,OTU1
plate22.B7,B7,23_3_2016,Eyach,294,a,OTU1
plate22.B8,B8,23_3_2016,Eyach,310,a,OTU1
plate22.C1,C1,23_3_2016,Eyach,324,b,OTU1
plate22.C2,C2,23_3_2016,Eyach,280,b,OTU1
plate22.C3,C3,23_3_2016,Eyach,328,b,OTU1
plate22.C4,C4,23_3_2016,Eyach,295,b,OTU1
plate22.C5,C5,23_3_2016,Eyach,302,a,OTU1
plate22.C7,C7,23_3_2016,Eyach,294,a,OTU1
plate22.C8,C8,23_3_2016,Eyach,310,a,OTU1
plate22.D1,D1,23_3_2016,Eyach,324,b,OTU1
plate22.D2,D2,23_3_2016,Eyach,280,b,OTU1
plate22.D3,D3,23_3_2016,Eyach,328,b,OTU1
plate22.D4,D4,23_3_2016,Eyach,295,b,OTU1
plate22.D5,D5,23_3_2016,Eyach,302,a,OTU1
plate22.D7,D7,23_3_2016,Eyach,294,a,OTU1
plate22.D8,D8,23_3_2016,Eyach,310,a,OTU1
plate22.E1,E1,23_3_2016,Eyach,324,b,OTU1
plate22.E2,E2,23_3_2016,Eyach,280,b,OTU1
plate22.E3,E3,23_3_2016,Eyach,295,b,OTU1
plate22.E4,E4,23_3_2016,Eyach,302,a,OTU1
plate22.E5,E5,23_3_2016,Eyach,294,a,OTU1
plate22.E7,E7,23_3_2016,Eyach,298,b,OTU1
plate22.F1,F1,23_3_2016,Eyach,280,b,OTU1
plate22.F2,F2,23_3_2016,Eyach,280,b,OTU1
plate22.F3,F3,23_3_2016,Eyach,295,b,OTU1
plate22.F4,F4,23_3_2016,Eyach,302,a,OTU1
plate22.F5,F5,23_3_2016,Eyach,294,a,OTU1
plate22.F7,F7,23_3_2016,Eyach,310,a,OTU1
plate22.G1,G1,23_3_2016,Eyach,324,b,OTU1
plate22.G2,G2,23_3_2016,Eyach,280,b,OTU1
plate22.G3,G3,23_3_2016,Eyach,295,b,OTU1
plate22.G4,G4,23_3_2016,Eyach,302,a,OTU1
plate22.G5,G5,23_3_2016,Eyach,294,a,OTU1
plate22.G7,G7,23_3_2016,Eyach,310,a,OTU1
plate22.H1,H1,23_3_2016,Eyach,324,b,OTU1
plate22.H2,H2,23_3_2016,Eyach,280,b,OTU1
plate22.H3,H3,23_3_2016,Eyach,295,b,OTU1
plate22.H4,H4,23_3_2016,Eyach,302,a,OTU1
plate22.H5,H5,23_3_2016,Eyach,294,a,OTU1
plate23.A1,A1,31_3_2016,Det-2,422,b,OTU1
plate23.A2,A2,31_3_2016,Pfrondorf2,408,a,OTU1
plate23.A3,A3,31_3_2016,Det-2,365,a,OTU1
plate23.A4,A4,31_3_2016,Det-2,364,a,OTU3
plate23.A5,A5,31_3_2016,Det-2,363,a,OTU6
plate23.A6,A6,31_3_2016,Pfrondorf2,351,b,OTU1
plate23.A7,A7,31_3_2016,Pfrondorf2,357,b,OTU1
plate23.A8,A8,31_3_2016,Pfrondorf2,352,a,OTU1
plate23.A9,A9,31_3_2016,Pfrondorf2,408,a,OTU1
plate23.B1,B1,31_3_2016,Det-2,422,b,OTU1
plate23.B2,B2,31_3_2016,Pfrondorf2,408,a,OTU1
plate23.B3,B3,31_3_2016,Det-2,392,a,OTU1
plate23.B4,B4,31_3_2016,Det-2,363,a,OTU6
plate23.B5,B5,31_3_2016,Pfrondorf2,351,b,OTU1
plate23.B6,B6,31_3_2016,Pfrondorf2,357,b,OTU1
plate23.B7,B7,31_3_2016,Pfrondorf2,352,a,OTU1
plate23.B8,B8,31_3_2016,Pfrondorf2,351,b,OTU1
plate23.B9,B9,31_3_2016,Det-2,419,a,OTU1
plate23.C1,C1,31_3_2016,Det-2,422,b,OTU1
plate23.C2,C2,31_3_2016,Pfrondorf2,408,a,OTU1
plate23.C3,C3,31_3_2016,Det-2,401,a,OTU1
plate23.C4,C4,31_3_2016,Pfrondorf2,351,b,OTU1
plate23.C5,C5,31_3_2016,Pfrondorf2,357,b,OTU1
plate23.C6,C6,31_3_2016,Pfrondorf2,375,b,OTU11
plate23.C7,C7,31_3_2016,Pfrondorf2,352,a,OTU1
plate23.C8,C8,31_3_2016,Det-2,422,b,OTU1
plate23.C9,C9,31_3_2016,Pfrondorf2,351,b,OTU1
plate23.D1,D1,31_3_2016,Det-2,422,b,OTU1
plate23.D2,D2,31_3_2016,Pfrondorf2,408,a,OTU1
plate23.D3,D3,31_3_2016,Det-2,401,a,OTU1
plate23.D4,D4,31_3_2016,Pfrondorf2,351,b,OTU1
plate23.D5,D5,31_3_2016,Pfrondorf2,357,b,OTU1
plate23.D6,D6,31_3_2016,Pfrondorf2,352,a,OTU1
plate23.D7,D7,31_3_2016,Pfrondorf2,339,b,OTU1
plate23.D8,D8,31_3_2016,Pfrondorf2,408,a,OTU3
plate23.D9,D9,31_3_2016,Pfrondorf2,339,b,OTU1
plate23.E1,E1,31_3_2016,Det-2,387,b,OTU1
plate23.E2,E2,31_3_2016,Pfrondorf2,388,a,OTU1
plate23.E5,E5,31_3_2016,Pfrondorf2,358,a,OTU3
plate23.E6,E6,31_3_2016,Det-2,387,b,OTU1
plate23.E7,E7,31_3_2016,Pfrondorf2,388,a,OTU1
plate23.E9,E9,31_3_2016,Pfrondorf2,351,b,OTU1
plate23.F1,F1,31_3_2016,Det-2,387,b,OTU1
plate23.F2,F2,31_3_2016,Pfrondorf2,388,a,OTU1
plate23.F4,F4,31_3_2016,Pfrondorf2,358,a,OTU3
plate23.F5,F5,31_3_2016,Det-2,387,b,OTU1
plate23.F6,F6,31_3_2016,Pfrondorf2,388,a,OTU1
plate23.F9,F9,31_3_2016,Pfrondorf2,408,a,OTU1
plate23.G1,G1,31_3_2016,Det-2,387,b,OTU1
plate23.G2,G2,31_3_2016,Pfrondorf2,388,a,OTU1
plate23.G3,G3,31_3_2016,Pfrondorf2,345,b,OTU5
plate23.G5,G5,31_3_2016,Det-2,387,b,OTU1
plate23.G6,G6,31_3_2016,Pfrondorf2,388,a,OTU1
plate23.G7,G7,31_3_2016,Pfrondorf2,345,b,OTU5
plate23.G9,G9,31_3_2016,Pfrondorf2,351,b,OTU1
plate23.H1,H1,31_3_2016,Det-2,387,b,OTU1
plate23.H2,H2,31_3_2016,Pfrondorf2,388,a,OTU1
plate23.H3,H3,31_3_2016,Pfrondorf2,345,b,OTU5
plate23.H5,H5,31_3_2016,Det-2,387,b,OTU1
plate23.H6,H6,31_3_2016,Pfrondorf2,388,a,OTU1
plate23.H7,H7,31_3_2016,Pfrondorf2,345,b,OTU5
plate23.H9,H9,31_3_2016,Pfrondorf2,339,b,OTU1
plate24.A1,A1,23_3_2016,Eyach,285,a,OTU1
plate24.A10,A10,23_3_2016,Eyach,257,b,OTU5
plate24.A11,A11,23_3_2016,Eyach,322,b,OTU1
plate24.A12,A12,23_3_2016,Eyach,316,b,OTU1
plate24.A3,A3,23_3_2016,Eyach,308,b,OTU1
plate24.A4,A4,23_3_2016,Eyach,271,b,OTU1
plate24.A5,A5,23_3_2016,Eyach,329,b,OTU1
plate24.A7,A7,23_3_2016,Eyach,325,a,OTU1
plate24.A8,A8,23_3_2016,Eyach,326,a,OTU1
plate24.A9,A9,23_3_2016,Eyach,321,a,OTU1
plate24.B1,B1,23_3_2016,Eyach,285,a,OTU1
plate24.B10,B10,23_3_2016,Eyach,257,b,OTU1
plate24.B11,B11,23_3_2016,Eyach,322,b,OTU1
plate24.B12,B12,23_3_2016,Eyach,316,b,OTU1
plate24.B3,B3,23_3_2016,Eyach,308,b,OTU1
plate24.B4,B4,23_3_2016,Eyach,271,b,OTU1
plate24.B5,B5,23_3_2016,Eyach,329,b,OTU1
plate24.B7,B7,23_3_2016,Eyach,325,a,OTU1
plate24.B8,B8,23_3_2016,Eyach,326,a,OTU1
plate24.B9,B9,23_3_2016,Eyach,321,a,OTU1
plate24.C1,C1,23_3_2016,Eyach,285,a,OTU1
plate24.C10,C10,23_3_2016,Eyach,257,b,OTU1
plate24.C11,C11,23_3_2016,Eyach,322,b,OTU1
plate24.C12,C12,23_3_2016,Eyach,316,b,OTU1
plate24.C2,C2,23_3_2016,Eyach,304,a,OTU1
plate24.C3,C3,23_3_2016,Eyach,308,b,OTU1
plate24.C4,C4,23_3_2016,Eyach,271,b,OTU1
plate24.C5,C5,23_3_2016,Eyach,329,b,OTU1
plate24.C7,C7,23_3_2016,Eyach,325,a,OTU1
plate24.C8,C8,23_3_2016,Eyach,326,a,OTU1
plate24.C9,C9,23_3_2016,Eyach,321,a,OTU1
plate24.D1,D1,23_3_2016,Eyach,285,a,OTU1
plate24.D10,D10,23_3_2016,Eyach,257,b,OTU5
plate24.D11,D11,23_3_2016,Eyach,322,b,OTU1
plate24.D12,D12,23_3_2016,Eyach,316,b,OTU1
plate24.D2,D2,23_3_2016,Eyach,304,a,OTU1
plate24.D3,D3,23_3_2016,Eyach,308,b,OTU1
plate24.D4,D4,23_3_2016,Eyach,271,b,OTU1
plate24.D5,D5,23_3_2016,Eyach,329,b,OTU1
plate24.D7,D7,23_3_2016,Eyach,325,a,OTU1
plate24.D8,D8,23_3_2016,Eyach,326,a,OTU1
plate24.D9,D9,23_3_2016,Eyach,321,a,OTU1
plate24.E1,E1,23_3_2016,Eyach,323,a,OTU1
plate24.E10,E10,23_3_2016,Eyach,257,b,OTU1
plate24.E11,E11,23_3_2016,Eyach,322,b,OTU1
plate24.E12,E12,23_3_2016,Eyach,316,b,OTU1
plate24.E2,E2,23_3_2016,Eyach,304,a,OTU1
plate24.E3,E3,23_3_2016,Eyach,308,b,OTU1
plate24.E4,E4,23_3_2016,Eyach,271,b,OTU1
plate24.E5,E5,23_3_2016,Eyach,329,b,OTU1
plate24.E7,E7,23_3_2016,Eyach,325,a,OTU1
plate24.E8,E8,23_3_2016,Eyach,326,a,OTU1
plate24.E9,E9,23_3_2016,Eyach,321,a,OTU1
plate24.F1,F1,23_3_2016,Eyach,323,a,OTU1
plate24.F10,F10,23_3_2016,Eyach,257,b,OTU5
plate24.F11,F11,23_3_2016,Eyach,322,b,OTU1
plate24.F12,F12,23_3_2016,Eyach,316,b,OTU1
plate24.F2,F2,23_3_2016,Eyach,304,a,OTU1
plate24.F3,F3,23_3_2016,Eyach,308,b,OTU1
plate24.F4,F4,23_3_2016,Eyach,271,b,OTU1
plate24.F5,F5,23_3_2016,Eyach,329,b,OTU1
plate24.F7,F7,23_3_2016,Eyach,325,a,OTU1
plate24.F8,F8,23_3_2016,Eyach,326,a,OTU1
plate24.F9,F9,23_3_2016,Eyach,321,a,OTU1
plate24.G1,G1,23_3_2016,Eyach,323,a,OTU1
plate24.G10,G10,23_3_2016,Eyach,257,b,OTU5
plate24.G11,G11,23_3_2016,Eyach,322,b,OTU1
plate24.G12,G12,23_3_2016,Eyach,316,b,OTU1
plate24.G2,G2,23_3_2016,Eyach,304,a,OTU1
plate24.G3,G3,23_3_2016,Eyach,308,b,OTU1
plate24.G4,G4,23_3_2016,Eyach,271,b,OTU1
plate24.G5,G5,23_3_2016,Eyach,329,b,OTU1
plate24.G7,G7,23_3_2016,Eyach,325,a,OTU1
plate24.G8,G8,23_3_2016,Eyach,326,a,OTU1
plate24.G9,G9,23_3_2016,Eyach,321,a,OTU1
plate24.H1,H1,23_3_2016,Eyach,323,a,OTU1
plate24.H10,H10,23_3_2016,Eyach,257,b,OTU1
plate24.H11,H11,23_3_2016,Eyach,322,b,OTU1
plate24.H2,H2,23_3_2016,Eyach,304,a,OTU1
plate24.H3,H3,23_3_2016,Eyach,308,b,OTU1
plate24.H4,H4,23_3_2016,Eyach,271,b,OTU1
plate24.H5,H5,23_3_2016,Eyach,329,b,OTU1
plate24.H6,H6,23_3_2016,Eyach,248,a,OTU1
plate24.H7,H7,23_3_2016,Eyach,325,a,OTU1
plate24.H8,H8,23_3_2016,Eyach,326,a,OTU1
plate24.H9,H9,23_3_2016,Eyach,321,a,OTU1
plate25.A1,A1,23_3_2016,Eyach,320,b,OTU1
plate25.A10,A10,23_3_2016,Eyach,273,a,OTU1
plate25.A11,A11,23_3_2016,Eyach,268,b,OTU1
plate25.A12,A12,23_3_2016,Eyach,261,b,OTU1
plate25.A2,A2,23_3_2016,Eyach,311,b,OTU1
plate25.A3,A3,23_3_2016,Eyach,288,b,OTU1
plate25.A4,A4,23_3_2016,Eyach,305,b,OTU1
plate25.A5,A5,23_3_2016,Eyach,315,b,OTU1
plate25.A7,A7,23_3_2016,Eyach,283,b,OTU1
plate25.A8,A8,23_3_2016,Eyach,300,a,OTU1
plate25.A9,A9,23_3_2016,Eyach,286,a,OTU1
plate25.B1,B1,23_3_2016,Eyach,320,b,OTU1
plate25.B10,B10,23_3_2016,Eyach,273,a,OTU1
plate25.B11,B11,23_3_2016,Eyach,268,b,OTU1
plate25.B12,B12,23_3_2016,Eyach,261,b,OTU1
plate25.B2,B2,23_3_2016,Eyach,311,b,OTU1
plate25.B3,B3,23_3_2016,Eyach,288,b,OTU1
plate25.B4,B4,23_3_2016,Eyach,305,b,OTU1
plate25.B5,B5,23_3_2016,Eyach,315,b,OTU1
plate25.B7,B7,23_3_2016,Eyach,283,b,OTU1
plate25.B8,B8,23_3_2016,Eyach,300,a,OTU1
plate25.B9,B9,23_3_2016,Eyach,286,a,OTU1
plate25.C1,C1,23_3_2016,Eyach,320,b,OTU1
plate25.C10,C10,23_3_2016,Eyach,273,a,OTU1
plate25.C11,C11,23_3_2016,Eyach,268,b,OTU1
plate25.C12,C12,23_3_2016,Eyach,261,b,OTU1
plate25.C2,C2,23_3_2016,Eyach,311,b,OTU1
plate25.C3,C3,23_3_2016,Eyach,288,b,OTU1
plate25.C4,C4,23_3_2016,Eyach,305,b,OTU1
plate25.C5,C5,23_3_2016,Eyach,315,b,OTU1
plate25.C7,C7,23_3_2016,Eyach,283,b,OTU1
plate25.C8,C8,23_3_2016,Eyach,300,a,OTU1
plate25.C9,C9,23_3_2016,Eyach,286,a,OTU1
plate25.D1,D1,23_3_2016,Eyach,320,b,OTU1
plate25.D10,D10,23_3_2016,Eyach,273,a,OTU1
plate25.D11,D11,23_3_2016,Eyach,268,b,OTU1
plate25.D12,D12,23_3_2016,Eyach,261,b,OTU1
plate25.D2,D2,23_3_2016,Eyach,311,b,OTU1
plate25.D3,D3,23_3_2016,Eyach,288,b,OTU1
plate25.D4,D4,23_3_2016,Eyach,305,b,OTU1
plate25.D5,D5,23_3_2016,Eyach,315,b,OTU1
plate25.D7,D7,23_3_2016,Eyach,283,b,OTU1
plate25.D8,D8,23_3_2016,Eyach,300,a,OTU1
plate25.D9,D9,23_3_2016,Eyach,286,a,OTU1
plate25.E1,E1,23_3_2016,Eyach,320,b,OTU1
plate25.E10,E10,23_3_2016,Eyach,273,a,OTU1
plate25.E11,E11,23_3_2016,Eyach,268,b,OTU1
plate25.E12,E12,23_3_2016,Eyach,261,b,OTU1
plate25.E2,E2,23_3_2016,Eyach,311,b,OTU1
plate25.E3,E3,23_3_2016,Eyach,288,b,OTU1
plate25.E4,E4,23_3_2016,Eyach,305,b,OTU1
plate25.E5,E5,23_3_2016,Eyach,315,b,OTU1
plate25.E7,E7,23_3_2016,Eyach,283,b,OTU1
plate25.E8,E8,23_3_2016,Eyach,300,a,OTU1
plate25.E9,E9,23_3_2016,Eyach,286,a,OTU1
plate25.F1,F1,23_3_2016,Eyach,320,b,OTU1
plate25.F10,F10,23_3_2016,Eyach,273,a,OTU1
plate25.F11,F11,23_3_2016,Eyach,268,b,OTU1
plate25.F12,F12,23_3_2016,Eyach,261,b,OTU1
plate25.F2,F2,23_3_2016,Eyach,311,b,OTU1
plate25.F3,F3,23_3_2016,Eyach,288,b,OTU1
plate25.F4,F4,23_3_2016,Eyach,305,b,OTU1
plate25.F5,F5,23_3_2016,Eyach,315,b,OTU1
plate25.F7,F7,23_3_2016,Eyach,283,b,OTU1
plate25.F8,F8,23_3_2016,Eyach,300,a,OTU1
plate25.F9,F9,23_3_2016,Eyach,286,a,OTU1
plate25.G1,G1,23_3_2016,Eyach,320,b,OTU1
plate25.G10,G10,23_3_2016,Eyach,273,a,OTU1
plate25.G11,G11,23_3_2016,Eyach,268,b,OTU1
plate25.G12,G12,23_3_2016,Eyach,261,b,OTU1
plate25.G2,G2,23_3_2016,Eyach,311,b,OTU1
plate25.G3,G3,23_3_2016,Eyach,288,b,OTU1
plate25.G4,G4,23_3_2016,Eyach,305,b,OTU1
plate25.G5,G5,23_3_2016,Eyach,315,b,OTU1
plate25.G7,G7,23_3_2016,Eyach,283,b,OTU1
plate25.G8,G8,23_3_2016,Eyach,300,a,OTU1
plate25.G9,G9,23_3_2016,Eyach,286,a,OTU1
plate25.H1,H1,23_3_2016,Eyach,320,b,OTU1
plate25.H10,H10,23_3_2016,Eyach,273,a,OTU1
plate25.H11,H11,23_3_2016,Eyach,268,b,OTU1
plate25.H12,H12,23_3_2016,Eyach,261,b,OTU1
plate25.H2,H2,23_3_2016,Eyach,311,b,OTU1
plate25.H3,H3,23_3_2016,Eyach,288,b,OTU1
plate25.H4,H4,23_3_2016,Eyach,305,b,OTU1
plate25.H5,H5,23_3_2016,Eyach,315,b,OTU1
plate25.H7,H7,23_3_2016,Eyach,283,b,OTU1
plate25.H8,H8,23_3_2016,Eyach,300,a,OTU1
plate25.H9,H9,23_3_2016,Eyach,286,a,OTU1
plate26.A1,A1,23_3_2016,Eyach,324,b,OTU1
plate26.A10,A10,23_3_2016,Eyach,248,a,OTU1
plate26.A2,A2,23_3_2016,Eyach,280,b,OTU1
plate26.A4,A4,23_3_2016,Eyach,328,b,OTU1
plate26.A5,A5,23_3_2016,Eyach,295,b,OTU1
plate26.A7,A7,23_3_2016,Eyach,302,a,OTU1
plate26.A8,A8,23_3_2016,Eyach,294,a,OTU1
plate26.A9,A9,23_3_2016,Eyach,310,a,OTU1
plate26.B1,B1,23_3_2016,Eyach,324,b,OTU1
plate26.B10,B10,31_3_2016,Det-2,365,a,OTU1
plate26.B2,B2,23_3_2016,Eyach,280,b,OTU1
plate26.B3,B3,23_3_2016,Eyach,274,b,OTU1
plate26.B4,B4,23_3_2016,Eyach,295,b,OTU1
plate26.B5,B5,23_3_2016,Eyach,302,a,OTU1
plate26.B6,B6,23_3_2016,Eyach,294,a,OTU1
plate26.B7,B7,31_3_2016,Pfrondorf2,420,a,OTU1
plate26.B8,B8,31_3_2016,Pfrondorf2,408,a,OTU1
plate26.C1,C1,23_3_2016,Eyach,324,b,OTU1
plate26.C10,C10,31_3_2016,Det-2,364,a,OTU3
plate26.C2,C2,23_3_2016,Eyach,280,b,OTU1
plate26.C3,C3,23_3_2016,Eyach,295,b,OTU1
plate26.C4,C4,23_3_2016,Eyach,302,a,OTU1
plate26.C5,C5,23_3_2016,Eyach,294,a,OTU1
plate26.C7,C7,23_3_2016,Eyach,263,b,OTU1
plate26.C9,C9,31_3_2016,Det-2,364,a,OTU3
plate26.D1,D1,23_3_2016,Eyach,324,b,OTU1
plate26.D2,D2,23_3_2016,Eyach,280,b,OTU1
plate26.D3,D3,23_3_2016,Eyach,295,b,OTU1
plate26.D4,D4,23_3_2016,Eyach,302,a,OTU1
plate26.D5,D5,23_3_2016,Eyach,294,a,OTU1
plate26.D6,D6,23_3_2016,Eyach,263,b,OTU1
plate26.D7,D7,31_3_2016,Pfrondorf2,351,b,OTU1
plate26.D8,D8,31_3_2016,Pfrondorf2,351,b,OTU1
plate26.D9,D9,31_3_2016,Det-2,363,a,OTU6
plate26.E1,E1,23_3_2016,Eyach,324,b,OTU1
plate26.E10,E10,31_3_2016,Pfrondorf2,351,b,OTU1
plate26.E2,E2,23_3_2016,Eyach,280,b,OTU1
plate26.E3,E3,23_3_2016,Eyach,295,b,OTU1
plate26.E4,E4,23_3_2016,Eyach,302,a,OTU1
plate26.E5,E5,23_3_2016,Eyach,294,a,OTU1
plate26.E6,E6,31_3_2016,Det-2,422,b,OTU1
plate26.E7,E7,31_3_2016,Pfrondorf2,357,b,OTU1
plate26.E8,E8,31_3_2016,Pfrondorf2,357,b,OTU1
plate26.E9,E9,31_3_2016,Pfrondorf2,351,b,OTU1
plate26.F1,F1,23_3_2016,Eyach,324,b,OTU1
plate26.F10,F10,31_3_2016,Pfrondorf2,357,b,OTU1
plate26.F2,F2,23_3_2016,Eyach,280,b,OTU1
plate26.F3,F3,23_3_2016,Eyach,295,b,OTU1
plate26.F4,F4,23_3_2016,Eyach,302,a,OTU1
plate26.F5,F5,23_3_2016,Eyach,294,a,OTU1
plate26.F6,F6,31_3_2016,Pfrondorf2,408,a,OTU8
plate26.F7,F7,31_3_2016,Pfrondorf2,375,b,OTU3
plate26.F8,F8,31_3_2016,Pfrondorf2,352,a,OTU1
plate26.F9,F9,31_3_2016,Pfrondorf2,357,b,OTU1
plate26.G1,G1,23_3_2016,Eyach,324,b,OTU1
plate26.G10,G10,31_3_2016,Pfrondorf2,352,a,OTU1
plate26.G2,G2,23_3_2016,Eyach,280,b,OTU1
plate26.G3,G3,23_3_2016,Eyach,295,b,OTU1
plate26.G4,G4,23_3_2016,Eyach,302,a,OTU1
plate26.G5,G5,23_3_2016,Eyach,294,a,OTU1
plate26.G6,G6,23_3_2016,Eyach,263,b,OTU1
plate26.G7,G7,31_3_2016,Pfrondorf2,352,a,OTU1
plate26.G8,G8,31_3_2016,Pfrondorf2,374,a,OTU1
plate26.G9,G9,31_3_2016,Pfrondorf2,352,a,OTU1
plate26.H1,H1,23_3_2016,Eyach,324,b,OTU1
plate26.H2,H2,23_3_2016,Eyach,280,b,OTU1
plate26.H3,H3,23_3_2016,Eyach,295,b,OTU1
plate26.H4,H4,23_3_2016,Eyach,302,a,OTU1
plate26.H5,H5,23_3_2016,Eyach,294,a,OTU1
plate26.H6,H6,23_3_2016,Eyach,263,b,OTU1
plate26.H7,H7,31_3_2016,Pfrondorf2,374,a,OTU1
plate26.H8,H8,31_3_2016,Pfrondorf2,408,a,OTU1
plate26.H9,H9,31_3_2016,Det-2,422,b,OTU1
plate27.A1,A1,31_3_2016,Det-2,387,b,OTU1
plate27.A2,A2,31_3_2016,Pfrondorf2,388,a,OTU1
plate27.A3,A3,31_3_2016,Det-2,387,b,OTU1
plate27.A6,A6,31_3_2016,Pfrondorf2,351,b,OTU1
plate27.A7,A7,31_3_2016,Pfrondorf2,351,b,OTU1
plate27.B1,B1,31_3_2016,Pfrondorf2,388,a,OTU1
plate27.B2,B2,31_3_2016,Pfrondorf2,388,a,OTU1
plate27.B3,B3,31_3_2016,Pfrondorf2,388,a,OTU1
plate27.B4,B4,31_3_2016,Det-2,387,b,OTU1
plate27.B6,B6,31_3_2016,Pfrondorf2,339,b,OTU1
plate27.B7,B7,31_3_2016,Pfrondorf2,339,b,OTU1
plate27.C5,C5,31_3_2016,Pfrondorf2,408,a,OTU5
plate27.C6,C6,31_3_2016,Pfrondorf2,374,a,OTU1
plate27.D5,D5,31_3_2016,Pfrondorf2,408,a,OTU1
plate27.D6,D6,31_3_2016,Pfrondorf2,408,a,OTU1
plate27.E1,E1,31_3_2016,Det-2,387,b,OTU1
plate27.E2,E2,31_3_2016,Det-2,387,b,OTU1
plate27.E5,E5,31_3_2016,Pfrondorf2,425,a,OTU1
plate27.E6,E6,31_3_2016,Pfrondorf2,351,b,OTU1
plate27.F2,F2,31_3_2016,Pfrondorf2,388,a,OTU1
plate27.F3,F3,31_3_2016,Det-2,387,b,OTU1
plate27.F4,F4,31_3_2016,Det-2,387,b,OTU1
plate27.F5,F5,31_3_2016,Pfrondorf2,339,b,OTU1
plate27.F6,F6,31_3_2016,Pfrondorf2,339,b,OTU1
plate27.G3,G3,31_3_2016,Pfrondorf2,388,a,OTU1
plate27.G5,G5,31_3_2016,Pfrondorf2,374,a,OTU1
plate27.G6,G6,31_3_2016,Det-2,422,b,OTU1
plate27.H4,H4,31_3_2016,Pfrondorf2,388,a,OTU1
plate27.H5,H5,31_3_2016,Pfrondorf2,388,a,OTU1
plate3.A1,A1,11_12_2015,Eyach,107,a,OTU1
plate3.A10,A10,11_12_2015,Eyach,153,b,OTU1
plate3.A11,A11,11_12_2015,Eyach,171,b,OTU1
plate3.A12,A12,11_12_2015,Eyach,171,b,OTU1
plate3.A2,A2,11_12_2015,Eyach,107,a,OTU1
plate3.A3,A3,11_12_2015,Eyach,160,b,OTU1
plate3.A4,A4,11_12_2015,Eyach,160,b,OTU1
plate3.A5,A5,11_12_2015,Eyach,101,a,OTU1
plate3.A6,A6,11_12_2015,Eyach,97,a,OTU1
plate3.A7,A7,11_12_2015,Eyach,97,a,OTU1
plate3.A8,A8,11_12_2015,Eyach,136,a,OTU1
plate3.A9,A9,11_12_2015,Eyach,111,a,OTU1
plate3.B1,B1,11_12_2015,Eyach,107,a,OTU1
plate3.B10,B10,11_12_2015,Eyach,171,b,OTU1
plate3.B11,B11,11_12_2015,Eyach,171,b,OTU1
plate3.B12,B12,11_12_2015,Eyach,181,b,OTU1
plate3.B2,B2,11_12_2015,Eyach,107,a,OTU1
plate3.B4,B4,11_12_2015,Eyach,160,b,OTU1
plate3.B5,B5,11_12_2015,Eyach,101,a,OTU1
plate3.B6,B6,11_12_2015,Eyach,97,a,OTU1
plate3.B7,B7,11_12_2015,Eyach,97,a,OTU1
plate3.B8,B8,11_12_2015,Eyach,136,a,OTU1
plate3.B9,B9,11_12_2015,Eyach,111,a,OTU1
plate3.C1,C1,11_12_2015,Eyach,116,a,OTU1
plate3.C10,C10,11_12_2015,Eyach,137,a,OTU1
plate3.C11,C11,11_12_2015,Eyach,137,a,OTU1
plate3.C12,C12,11_12_2015,Eyach,181,b,OTU1
plate3.C2,C2,11_12_2015,Eyach,182,b,OTU1
plate3.C3,C3,11_12_2015,Eyach,182,b,OTU1
plate3.C4,C4,11_12_2015,Eyach,103,a,OTU1
plate3.C5,C5,11_12_2015,Eyach,139,a,OTU4
plate3.C6,C6,11_12_2015,Eyach,170,b,OTU1
plate3.C8,C8,11_12_2015,Eyach,159,b,OTU1
plate3.C9,C9,11_12_2015,Eyach,137,a,OTU1
plate3.D1,D1,11_12_2015,Eyach,116,a,OTU1
plate3.D10,D10,11_12_2015,Eyach,137,a,OTU1
plate3.D11,D11,11_12_2015,Eyach,137,a,OTU1
plate3.D2,D2,11_12_2015,Eyach,182,b,OTU1
plate3.D4,D4,11_12_2015,Eyach,103,a,OTU1
plate3.D5,D5,11_12_2015,Eyach,139,a,OTU4
plate3.D6,D6,11_12_2015,Eyach,170,b,OTU1
plate3.D8,D8,11_12_2015,Eyach,159,b,OTU1
plate3.D9,D9,11_12_2015,Eyach,137,a,OTU1
plate3.E1,E1,11_12_2015,Eyach,98,a,OTU2
plate3.E10,E10,11_12_2015,Eyach,106,a,OTU1
plate3.E11,E11,11_12_2015,Eyach,114,a,OTU1
plate3.E2,E2,11_12_2015,Eyach,98,a,OTU1
plate3.E4,E4,11_12_2015,Eyach,108,a,OTU1
plate3.E5,E5,11_12_2015,Eyach,123,a,OTU1
plate3.E6,E6,11_12_2015,Eyach,135,a,OTU1
plate3.E7,E7,11_12_2015,Eyach,99,a,OTU1
plate3.E8,E8,11_12_2015,Eyach,99,a,OTU1
plate3.E9,E9,11_12_2015,Eyach,106,a,OTU1
plate3.F1,F1,11_12_2015,Eyach,98,a,OTU1
plate3.F10,F10,11_12_2015,Eyach,114,a,OTU1
plate3.F11,F11,11_12_2015,Eyach,152,b,OTU1
plate3.F12,F12,11_12_2015,Eyach,152,b,OTU1
plate3.F2,F2,11_12_2015,Eyach,98,a,OTU1
plate3.F5,F5,11_12_2015,Eyach,123,a,OTU1
plate3.F6,F6,11_12_2015,Eyach,135,a,OTU1
plate3.F7,F7,11_12_2015,Eyach,99,a,OTU1
plate3.F8,F8,11_12_2015,Eyach,106,a,OTU1
plate3.G1,G1,11_12_2015,Eyach,114,a,OTU1
plate3.G11,G11,11_12_2015,Eyach,124,a,OTU2
plate3.G12,G12,11_12_2015,Eyach,124,a,OTU1
plate3.G2,G2,11_12_2015,Eyach,93,a,OTU1
plate3.G3,G3,11_12_2015,Eyach,93,a,OTU1
plate3.G4,G4,11_12_2015,Eyach,184,b,OTU1
plate3.G5,G5,11_12_2015,Eyach,119,a,OTU1
plate3.G6,G6,11_12_2015,Eyach,132,a,OTU1
plate3.G7,G7,11_12_2015,Eyach,132,a,OTU1
plate3.G8,G8,11_12_2015,Eyach,134,a,OTU1
plate3.G9,G9,11_12_2015,Eyach,134,a,OTU1
plate3.H1,H1,11_12_2015,Eyach,114,a,OTU1
plate3.H2,H2,11_12_2015,Eyach,93,a,OTU1
plate3.H5,H5,11_12_2015,Eyach,119,a,OTU1
plate3.H6,H6,11_12_2015,Eyach,132,a,OTU1
plate3.H7,H7,11_12_2015,Eyach,132,a,OTU1
plate3.H8,H8,11_12_2015,Eyach,134,a,OTU1
plate3.H9,H9,11_12_2015,Eyach,134,a,OTU1
plate4.A1,A1,11_12_2015,Eyach,181,b,OTU1
plate4.A10,A10,11_12_2015,Eyach,155,b,OTU1
plate4.A11,A11,11_12_2015,Eyach,155,b,OTU1
plate4.A2,A2,11_12_2015,Eyach,181,b,OTU1
plate4.A5,A5,11_12_2015,Eyach,152,b,OTU1
plate4.A6,A6,11_12_2015,Eyach,152,b,OTU1
plate4.A7,A7,11_12_2015,Eyach,124,a,OTU2
plate4.A8,A8,11_12_2015,Eyach,124,a,OTU2
plate4.A9,A9,11_12_2015,Eyach,155,b,OTU1
plate4.B1,B1,11_12_2015,Eyach,155,b,OTU1
plate4.B10,B10,11_12_2015,Eyach,100,a,OTU1
plate4.B11,B11,11_12_2015,Eyach,100,a,OTU1
plate4.B2,B2,11_12_2015,Eyach,177,b,OTU1
plate4.B3,B3,11_12_2015,Eyach,177,b,OTU1
plate4.B4,B4,11_12_2015,Eyach,164,b,OTU3
plate4.B5,B5,11_12_2015,Eyach,113,a,OTU4
plate4.B7,B7,11_12_2015,Eyach,180,b,OTU1
plate4.B8,B8,11_12_2015,Eyach,131,a,OTU1
plate4.B9,B9,11_12_2015,Eyach,131,a,OTU1
plate4.C1,C1,11_12_2015,Eyach,155,b,OTU1
plate4.C10,C10,11_12_2015,Eyach,100,a,OTU1
plate4.C11,C11,11_12_2015,Eyach,100,a,OTU1
plate4.C2,C2,11_12_2015,Eyach,177,b,OTU1
plate4.C3,C3,11_12_2015,Eyach,177,b,OTU1
plate4.C5,C5,11_12_2015,Eyach,113,a,OTU4
plate4.C6,C6,11_12_2015,Eyach,180,b,OTU2
plate4.C7,C7,11_12_2015,Eyach,180,b,OTU1
plate4.C8,C8,11_12_2015,Eyach,131,a,OTU1
plate4.C9,C9,11_12_2015,Eyach,131,a,OTU1
plate4.D1,D1,11_12_2015,Eyach,128,a,OTU1
plate4.D10,D10,11_12_2015,Eyach,173,b,OTU1
plate4.D11,D11,11_12_2015,Eyach,173,b,OTU2
plate4.D2,D2,11_12_2015,Eyach,183,b,OTU1
plate4.D3,D3,11_12_2015,Eyach,133,a,OTU1
plate4.D4,D4,11_12_2015,Eyach,133,a,OTU2
plate4.D6,D6,11_12_2015,Eyach,176,b,OTU1
plate4.D8,D8,11_12_2015,Eyach,179,b,OTU1
plate4.D9,D9,11_12_2015,Eyach,112,a,OTU1
plate4.E1,E1,11_12_2015,Eyach,128,a,OTU1
plate4.E3,E3,11_12_2015,Eyach,133,a,OTU2
plate4.E4,E4,11_12_2015,Eyach,133,a,OTU1
plate4.E5,E5,11_12_2015,Eyach,104,a,OTU1
plate4.E6,E6,11_12_2015,Eyach,176,b,OTU1
plate4.E8,E8,11_12_2015,Eyach,179,b,OTU1
plate4.E9,E9,11_12_2015,Eyach,112,a,OTU1
plate4.F1,F1,15_12_2015,Det-2,195,b,OTU1
plate4.F10,F10,15_12_2015,Det-2,191,a,OTU1
plate4.F11,F11,15_12_2015,Det-2,191,a,OTU1
plate4.F12,F12,15_12_2015,Det-2,191,a,OTU1
plate4.F2,F2,15_12_2015,Det-2,195,b,OTU1
plate4.F3,F3,15_12_2015,Det-2,195,b,OTU1
plate4.F4,F4,15_12_2015,Det-2,213,b,OTU1
plate4.F5,F5,15_12_2015,Det-2,213,b,OTU1
plate4.F8,F8,15_12_2015,Det-2,222,a,OTU2
plate4.F9,F9,15_12_2015,Det-2,191,a,OTU1
plate4.G1,G1,15_12_2015,Det-2,193,a,OTU3
plate4.G11,G11,15_12_2015,Det-2,205,b,OTU2
plate4.G2,G2,15_12_2015,Det-2,216,a,OTU8
plate4.G3,G3,15_12_2015,Det-2,216,a,OTU2
plate4.G4,G4,15_12_2015,Det-2,209,b,OTU1
plate4.G6,G6,15_12_2015,Det-2,219,a,OTU6
plate4.G8,G8,15_12_2015,Det-2,215,a,OTU1
plate4.G9,G9,15_12_2015,Det-2,215,a,OTU1
plate4.H1,H1,15_12_2015,Det-2,193,a,OTU3
plate4.H10,H10,15_12_2015,Det-2,189,a,OTU2
plate4.H11,H11,15_12_2015,Det-2,205,b,OTU2
plate4.H2,H2,15_12_2015,Det-2,216,a,OTU2
plate4.H3,H3,15_12_2015,Det-2,216,a,OTU2
plate4.H4,H4,15_12_2015,Det-2,209,b,OTU1
plate4.H5,H5,15_12_2015,Det-2,200,b,OTU3
plate4.H6,H6,15_12_2015,Det-2,219,a,OTU6
plate4.H8,H8,15_12_2015,Det-2,215,a,OTU1
plate4.H9,H9,15_12_2015,Det-2,215,a,OTU1
plate5.A1,A1,11_12_2015,Eyach,107,a,OTU1
plate5.A10,A10,11_12_2015,Eyach,175,b,OTU1
plate5.A11,A11,11_12_2015,Eyach,171,b,OTU1
plate5.A12,A12,11_12_2015,Eyach,171,b,OTU1
plate5.A2,A2,11_12_2015,Eyach,107,a,OTU1
plate5.A3,A3,11_12_2015,Eyach,160,b,OTU1
plate5.A4,A4,11_12_2015,Eyach,160,b,OTU1
plate5.A5,A5,11_12_2015,Eyach,101,a,OTU3
plate5.A6,A6,11_12_2015,Eyach,97,a,OTU1
plate5.A7,A7,11_12_2015,Eyach,97,a,OTU1
plate5.A8,A8,11_12_2015,Eyach,136,a,OTU1
plate5.A9,A9,11_12_2015,Eyach,111,a,OTU1
plate5.B1,B1,11_12_2015,Eyach,107,a,OTU1
plate5.B10,B10,11_12_2015,Eyach,175,b,OTU1
plate5.B11,B11,11_12_2015,Eyach,171,b,OTU1
plate5.B2,B2,11_12_2015,Eyach,107,a,OTU1
plate5.B3,B3,11_12_2015,Eyach,160,b,OTU1
plate5.B4,B4,11_12_2015,Eyach,160,b,OTU1
plate5.B5,B5,11_12_2015,Eyach,101,a,OTU1
plate5.B6,B6,11_12_2015,Eyach,97,a,OTU1
plate5.B7,B7,11_12_2015,Eyach,97,a,OTU1
plate5.B8,B8,11_12_2015,Eyach,136,a,OTU1
plate5.B9,B9,11_12_2015,Eyach,111,a,OTU1
plate5.C1,C1,11_12_2015,Eyach,116,a,OTU1
plate5.C10,C10,11_12_2015,Eyach,137,a,OTU1
plate5.C2,C2,11_12_2015,Eyach,182,b,OTU1
plate5.C3,C3,11_12_2015,Eyach,182,b,OTU1
plate5.C4,C4,11_12_2015,Eyach,139,a,OTU4
plate5.C5,C5,11_12_2015,Eyach,170,b,OTU1
plate5.C6,C6,11_12_2015,Eyach,170,b,OTU1
plate5.C7,C7,11_12_2015,Eyach,159,b,OTU1
plate5.C8,C8,11_12_2015,Eyach,137,a,OTU1
plate5.C9,C9,11_12_2015,Eyach,137,a,OTU1
plate5.D1,D1,11_12_2015,Eyach,116,a,OTU1
plate5.D10,D10,11_12_2015,Eyach,137,a,OTU1
plate5.D12,D12,11_12_2015,Eyach,170,b,OTU1
plate5.D2,D2,11_12_2015,Eyach,182,b,OTU1
plate5.D3,D3,11_12_2015,Eyach,182,b,OTU1
plate5.D4,D4,11_12_2015,Eyach,139,a,OTU1
plate5.D5,D5,11_12_2015,Eyach,170,b,OTU1
plate5.D6,D6,11_12_2015,Eyach,170,b,OTU1
plate5.D7,D7,11_12_2015,Eyach,159,b,OTU1
plate5.D8,D8,11_12_2015,Eyach,137,a,OTU1
plate5.D9,D9,11_12_2015,Eyach,137,a,OTU1
plate5.E1,E1,11_12_2015,Eyach,98,a,OTU1
plate5.E10,E10,11_12_2015,Eyach,106,a,OTU1
plate5.E11,E11,11_12_2015,Eyach,114,a,OTU1
plate5.E12,E12,11_12_2015,Eyach,152,b,OTU1
plate5.E2,E2,11_12_2015,Eyach,98,a,OTU1
plate5.E3,E3,11_12_2015,Eyach,108,a,OTU1
plate5.E4,E4,11_12_2015,Eyach,108,a,OTU1
plate5.E6,E6,11_12_2015,Eyach,135,a,OTU1
plate5.E7,E7,11_12_2015,Eyach,99,a,OTU1
plate5.E8,E8,11_12_2015,Eyach,99,a,OTU1
plate5.E9,E9,11_12_2015,Eyach,106,a,OTU1
plate5.F1,F1,11_12_2015,Eyach,98,a,OTU1
plate5.F10,F10,11_12_2015,Eyach,114,a,OTU1
plate5.F11,F11,11_12_2015,Eyach,108,a,OTU1
plate5.F2,F2,11_12_2015,Eyach,98,a,OTU2
plate5.F3,F3,11_12_2015,Eyach,108,a,OTU1
plate5.F4,F4,11_12_2015,Eyach,108,a,OTU1
plate5.F5,F5,11_12_2015,Eyach,135,a,OTU1
plate5.F6,F6,11_12_2015,Eyach,135,a,OTU1
plate5.F7,F7,11_12_2015,Eyach,99,a,OTU1
plate5.F8,F8,11_12_2015,Eyach,106,a,OTU1
plate5.F9,F9,11_12_2015,Eyach,106,a,OTU1
plate5.G1,G1,11_12_2015,Eyach,114,a,OTU1
plate5.G11,G11,11_12_2015,Eyach,126,a,OTU1
plate5.G12,G12,11_12_2015,Eyach,181,b,OTU1
plate5.G2,G2,11_12_2015,Eyach,93,a,OTU1
plate5.G3,G3,11_12_2015,Eyach,93,a,OTU1
plate5.G4,G4,11_12_2015,Eyach,184,b,OTU1
plate5.G5,G5,11_12_2015,Eyach,119,a,OTU1
plate5.G6,G6,11_12_2015,Eyach,132,a,OTU1
plate5.G7,G7,11_12_2015,Eyach,132,a,OTU1
plate5.G8,G8,11_12_2015,Eyach,134,a,OTU1
plate5.G9,G9,11_12_2015,Eyach,134,a,OTU1
plate5.H1,H1,11_12_2015,Eyach,114,a,OTU1
plate5.H11,H11,11_12_2015,Eyach,126,a,OTU1
plate5.H2,H2,11_12_2015,Eyach,93,a,OTU1
plate5.H4,H4,11_12_2015,Eyach,184,b,OTU1
plate5.H5,H5,11_12_2015,Eyach,119,a,OTU1
plate5.H6,H6,11_12_2015,Eyach,132,a,OTU1
plate5.H7,H7,11_12_2015,Eyach,132,a,OTU1
plate5.H8,H8,11_12_2015,Eyach,134,a,OTU1
plate5.H9,H9,11_12_2015,Eyach,134,a,OTU1
plate6.A1,A1,11_12_2015,Eyach,181,b,OTU1
plate6.A10,A10,11_12_2015,Eyach,155,b,OTU1
plate6.A11,A11,11_12_2015,Eyach,155,b,OTU1
plate6.A5,A5,11_12_2015,Eyach,152,b,OTU1
plate6.A6,A6,11_12_2015,Eyach,152,b,OTU1
plate6.A7,A7,11_12_2015,Eyach,124,a,OTU1
plate6.A8,A8,11_12_2015,Eyach,124,a,OTU1
plate6.A9,A9,11_12_2015,Eyach,155,b,OTU1
plate6.B1,B1,11_12_2015,Eyach,95,a,OTU1
plate6.B10,B10,11_12_2015,Eyach,100,a,OTU1
plate6.B11,B11,11_12_2015,Eyach,100,a,OTU1
plate6.B2,B2,11_12_2015,Eyach,177,b,OTU1
plate6.B3,B3,11_12_2015,Eyach,177,b,OTU1
plate6.B4,B4,11_12_2015,Eyach,113,a,OTU4
plate6.B5,B5,11_12_2015,Eyach,113,a,OTU2
plate6.B6,B6,11_12_2015,Eyach,180,b,OTU1
plate6.B7,B7,11_12_2015,Eyach,180,b,OTU1
plate6.B8,B8,11_12_2015,Eyach,131,a,OTU1
plate6.B9,B9,11_12_2015,Eyach,131,a,OTU1
plate6.C1,C1,11_12_2015,Eyach,95,a,OTU1
plate6.C10,C10,11_12_2015,Eyach,100,a,OTU1
plate6.C11,C11,11_12_2015,Eyach,100,a,OTU1
plate6.C2,C2,11_12_2015,Eyach,177,b,OTU1
plate6.C3,C3,11_12_2015,Eyach,177,b,OTU1
plate6.C4,C4,11_12_2015,Eyach,113,a,OTU4
plate6.C5,C5,11_12_2015,Eyach,113,a,OTU4
plate6.C6,C6,11_12_2015,Eyach,180,b,OTU1
plate6.C7,C7,11_12_2015,Eyach,180,b,OTU1
plate6.C8,C8,11_12_2015,Eyach,131,a,OTU1
plate6.C9,C9,11_12_2015,Eyach,131,a,OTU1
plate6.D1,D1,11_12_2015,Eyach,128,a,OTU1
plate6.D10,D10,11_12_2015,Eyach,173,b,OTU2
plate6.D11,D11,11_12_2015,Eyach,102,a,OTU1
plate6.D2,D2,11_12_2015,Eyach,161,b,OTU1
plate6.D3,D3,11_12_2015,Eyach,133,a,OTU1
plate6.D4,D4,11_12_2015,Eyach,133,a,OTU1
plate6.D5,D5,11_12_2015,Eyach,104,a,OTU1
plate6.D6,D6,11_12_2015,Eyach,176,b,OTU1
plate6.D7,D7,11_12_2015,Eyach,179,b,OTU1
plate6.D8,D8,11_12_2015,Eyach,179,b,OTU1
plate6.D9,D9,11_12_2015,Eyach,173,b,OTU1
plate6.E1,E1,11_12_2015,Eyach,128,a,OTU1
plate6.E10,E10,11_12_2015,Eyach,173,b,OTU1
plate6.E11,E11,11_12_2015,Eyach,102,a,OTU2
plate6.E2,E2,11_12_2015,Eyach,161,b,OTU1
plate6.E3,E3,11_12_2015,Eyach,133,a,OTU1
plate6.E4,E4,11_12_2015,Eyach,133,a,OTU1
plate6.E6,E6,11_12_2015,Eyach,176,b,OTU1
plate6.E7,E7,11_12_2015,Eyach,179,b,OTU1
plate6.E8,E8,11_12_2015,Eyach,179,b,OTU1
plate6.E9,E9,11_12_2015,Eyach,173,b,OTU2
plate6.F1,F1,15_12_2015,Det-2,195,b,OTU2
plate6.F10,F10,15_12_2015,Det-2,191,a,OTU1
plate6.F11,F11,15_12_2015,Det-2,191,a,OTU1
plate6.F12,F12,15_12_2015,Det-2,191,a,OTU1
plate6.F2,F2,15_12_2015,Det-2,195,b,OTU1
plate6.F3,F3,15_12_2015,Det-2,213,b,OTU1
plate6.F4,F4,15_12_2015,Det-2,213,b,OTU1
plate6.F5,F5,15_12_2015,Det-2,213,b,OTU1
plate6.F8,F8,15_12_2015,Det-2,222,a,OTU1
plate6.F9,F9,15_12_2015,Det-2,191,a,OTU1
plate6.G1,G1,15_12_2015,Det-2,193,a,OTU3
plate6.G10,G10,15_12_2015,Det-2,189,a,OTU2
plate6.G2,G2,15_12_2015,Det-2,216,a,OTU3
plate6.G3,G3,15_12_2015,Det-2,216,a,OTU4
plate6.G4,G4,15_12_2015,Det-2,209,b,OTU1
plate6.G5,G5,15_12_2015,Det-2,200,b,OTU1
plate6.G6,G6,15_12_2015,Det-2,219,a,OTU6
plate6.G8,G8,15_12_2015,Det-2,215,a,OTU1
plate6.G9,G9,15_12_2015,Det-2,215,a,OTU1
plate6.H1,H1,15_12_2015,Det-2,216,a,OTU1
plate6.H10,H10,11_12_2015,Eyach,155,b,OTU1
plate6.H11,H11,11_12_2015,Eyach,155,b,OTU1
plate6.H2,H2,15_12_2015,Det-2,216,a,OTU8
plate6.H5,H5,15_12_2015,Det-2,189,a,OTU4
plate6.H6,H6,15_12_2015,Det-2,205,b,OTU1
plate6.H7,H7,11_12_2015,Eyach,124,a,OTU1
plate6.H8,H8,11_12_2015,Eyach,124,a,OTU1
plate6.H9,H9,11_12_2015,Eyach,155,b,OTU1
plate7.A1,A1,11_12_2015,Eyach,107,a,OTU1
plate7.A10,A10,11_12_2015,Eyach,175,b,OTU1
plate7.A11,A11,11_12_2015,Eyach,171,b,OTU1
plate7.A12,A12,11_12_2015,Eyach,171,b,OTU1
plate7.A2,A2,11_12_2015,Eyach,107,a,OTU1
plate7.A3,A3,11_12_2015,Eyach,160,b,OTU1
plate7.A4,A4,11_12_2015,Eyach,160,b,OTU1
plate7.A5,A5,11_12_2015,Eyach,101,a,OTU1
plate7.A6,A6,11_12_2015,Eyach,97,a,OTU1
plate7.A7,A7,11_12_2015,Eyach,97,a,OTU1
plate7.A8,A8,11_12_2015,Eyach,136,a,OTU1
plate7.A9,A9,11_12_2015,Eyach,111,a,OTU3
plate7.B1,B1,11_12_2015,Eyach,107,a,OTU1
plate7.B10,B10,11_12_2015,Eyach,175,b,OTU1
plate7.B11,B11,11_12_2015,Eyach,171,b,OTU1
plate7.B2,B2,11_12_2015,Eyach,107,a,OTU1
plate7.B3,B3,11_12_2015,Eyach,160,b,OTU1
plate7.B4,B4,11_12_2015,Eyach,160,b,OTU1
plate7.B5,B5,11_12_2015,Eyach,101,a,OTU1
plate7.B6,B6,11_12_2015,Eyach,97,a,OTU1
plate7.B7,B7,11_12_2015,Eyach,97,a,OTU1
plate7.B8,B8,11_12_2015,Eyach,136,a,OTU1
plate7.C1,C1,11_12_2015,Eyach,116,a,OTU1
plate7.C12,C12,11_12_2015,Eyach,155,b,OTU1
plate7.C2,C2,11_12_2015,Eyach,182,b,OTU1
plate7.C3,C3,11_12_2015,Eyach,182,b,OTU1
plate7.C4,C4,11_12_2015,Eyach,144,b,OTU1
plate7.C5,C5,11_12_2015,Eyach,139,a,OTU1
plate7.C6,C6,11_12_2015,Eyach,170,b,OTU1
plate7.C7,C7,11_12_2015,Eyach,170,b,OTU1
plate7.C8,C8,11_12_2015,Eyach,159,b,OTU1
plate7.C9,C9,11_12_2015,Eyach,137,a,OTU1
plate7.D1,D1,11_12_2015,Eyach,116,a,OTU1
plate7.D10,D10,11_12_2015,Eyach,137,a,OTU1
plate7.D12,D12,11_12_2015,Eyach,155,b,OTU1
plate7.D2,D2,11_12_2015,Eyach,182,b,OTU1
plate7.D3,D3,11_12_2015,Eyach,182,b,OTU1
plate7.D4,D4,11_12_2015,Eyach,139,a,OTU1
plate7.D5,D5,11_12_2015,Eyach,170,b,OTU1
plate7.D6,D6,11_12_2015,Eyach,170,b,OTU1
plate7.D7,D7,11_12_2015,Eyach,159,b,OTU1
plate7.D8,D8,11_12_2015,Eyach,137,a,OTU1
plate7.D9,D9,11_12_2015,Eyach,137,a,OTU1
plate7.E1,E1,11_12_2015,Eyach,98,a,OTU1
plate7.E10,E10,11_12_2015,Eyach,152,b,OTU1
plate7.E11,E11,11_12_2015,Eyach,124,a,OTU1
plate7.E12,E12,11_12_2015,Eyach,155,b,OTU1
plate7.E2,E2,11_12_2015,Eyach,98,a,OTU2
plate7.E3,E3,11_12_2015,Eyach,108,a,OTU1
plate7.E4,E4,11_12_2015,Eyach,123,a,OTU1
plate7.E5,E5,11_12_2015,Eyach,99,a,OTU1
plate7.E6,E6,11_12_2015,Eyach,99,a,OTU1
plate7.E7,E7,11_12_2015,Eyach,130,a,OTU1
plate7.E8,E8,11_12_2015,Eyach,106,a,OTU1
plate7.E9,E9,11_12_2015,Eyach,114,a,OTU1
plate7.F1,F1,11_12_2015,Eyach,98,a,OTU1
plate7.F10,F10,11_12_2015,Eyach,106,a,OTU1
plate7.F12,F12,11_12_2015,Eyach,152,b,OTU1
plate7.F2,F2,11_12_2015,Eyach,98,a,OTU2
plate7.F3,F3,11_12_2015,Eyach,108,a,OTU1
plate7.F4,F4,11_12_2015,Eyach,123,a,OTU1
plate7.F5,F5,11_12_2015,Eyach,135,a,OTU1
plate7.F6,F6,11_12_2015,Eyach,99,a,OTU1
plate7.F7,F7,11_12_2015,Eyach,99,a,OTU1
plate7.F9,F9,11_12_2015,Eyach,106,a,OTU1
plate7.G1,G1,11_12_2015,Eyach,158,b,OTU1
plate7.G11,G11,11_12_2015,Eyach,126,a,OTU1
plate7.G2,G2,11_12_2015,Eyach,93,a,OTU1
plate7.G3,G3,11_12_2015,Eyach,93,a,OTU1
plate7.G4,G4,11_12_2015,Eyach,184,b,OTU1
plate7.G5,G5,11_12_2015,Eyach,119,a,OTU1
plate7.G6,G6,11_12_2015,Eyach,132,a,OTU1
plate7.G7,G7,11_12_2015,Eyach,132,a,OTU1
plate7.G8,G8,11_12_2015,Eyach,134,a,OTU1
plate7.G9,G9,11_12_2015,Eyach,134,a,OTU4
plate7.H1,H1,11_12_2015,Eyach,158,b,OTU1
plate7.H10,H10,11_12_2015,Eyach,126,a,OTU1
plate7.H11,H11,11_12_2015,Eyach,158,b,OTU1
plate7.H2,H2,11_12_2015,Eyach,93,a,OTU1
plate7.H3,H3,11_12_2015,Eyach,93,a,OTU1
plate7.H4,H4,11_12_2015,Eyach,184,b,OTU1
plate7.H5,H5,11_12_2015,Eyach,119,a,OTU1
plate7.H6,H6,11_12_2015,Eyach,132,a,OTU1
plate7.H7,H7,11_12_2015,Eyach,132,a,OTU1
plate7.H8,H8,11_12_2015,Eyach,134,a,OTU1
plate7.H9,H9,11_12_2015,Eyach,134,a,OTU4
plate8.A1,A1,11_12_2015,Eyach,181,b,OTU1
plate8.A10,A10,11_12_2015,Eyach,155,b,OTU1
plate8.A11,A11,11_12_2015,Eyach,155,b,OTU1
plate8.A2,A2,11_12_2015,Eyach,142,b,OTU9
plate8.A5,A5,11_12_2015,Eyach,152,b,OTU1
plate8.A7,A7,11_12_2015,Eyach,124,a,OTU1
plate8.A8,A8,11_12_2015,Eyach,124,a,OTU2
plate8.A9,A9,11_12_2015,Eyach,155,b,OTU1
plate8.B2,B2,11_12_2015,Eyach,177,b,OTU1
plate8.B3,B3,11_12_2015,Eyach,177,b,OTU1
plate8.B4,B4,11_12_2015,Eyach,180,b,OTU2
plate8.B5,B5,11_12_2015,Eyach,180,b,OTU1
plate8.B6,B6,11_12_2015,Eyach,131,a,OTU1
plate8.B7,B7,11_12_2015,Eyach,131,a,OTU1
plate8.B8,B8,11_12_2015,Eyach,100,a,OTU1
plate8.B9,B9,11_12_2015,Eyach,100,a,OTU1
plate8.C1,C1,11_12_2015,Eyach,95,a,OTU1
plate8.C2,C2,11_12_2015,Eyach,177,b,OTU1
plate8.C3,C3,11_12_2015,Eyach,177,b,OTU1
plate8.C4,C4,11_12_2015,Eyach,113,a,OTU1
plate8.C5,C5,11_12_2015,Eyach,180,b,OTU2
plate8.C6,C6,11_12_2015,Eyach,180,b,OTU1
plate8.C7,C7,11_12_2015,Eyach,131,a,OTU1
plate8.C8,C8,11_12_2015,Eyach,131,a,OTU1
plate8.C9,C9,11_12_2015,Eyach,100,a,OTU1
plate8.D1,D1,11_12_2015,Eyach,128,a,OTU1
plate8.D10,D10,11_12_2015,Eyach,173,b,OTU2
plate8.D11,D11,11_12_2015,Eyach,102,a,OTU2
plate8.D2,D2,11_12_2015,Eyach,161,b,OTU1
plate8.D3,D3,11_12_2015,Eyach,133,a,OTU2
plate8.D4,D4,11_12_2015,Eyach,133,a,OTU2
plate8.D5,D5,11_12_2015,Eyach,176,b,OTU1
plate8.D6,D6,11_12_2015,Eyach,176,b,OTU1
plate8.D8,D8,11_12_2015,Eyach,179,b,OTU1
plate8.D9,D9,11_12_2015,Eyach,173,b,OTU1
plate8.E1,E1,11_12_2015,Eyach,128,a,OTU1
plate8.E10,E10,11_12_2015,Eyach,173,b,OTU1
plate8.E11,E11,11_12_2015,Eyach,102,a,OTU2
plate8.E2,E2,11_12_2015,Eyach,161,b,OTU1
plate8.E3,E3,11_12_2015,Eyach,133,a,OTU2
plate8.E4,E4,11_12_2015,Eyach,133,a,OTU1
plate8.E5,E5,11_12_2015,Eyach,176,b,OTU1
plate8.E6,E6,11_12_2015,Eyach,176,b,OTU1
plate8.E7,E7,11_12_2015,Eyach,179,b,OTU1
plate8.E8,E8,11_12_2015,Eyach,179,b,OTU1
plate8.E9,E9,11_12_2015,Eyach,173,b,OTU1
plate8.F1,F1,15_12_2015,Det-2,195,b,OTU1
plate8.F10,F10,15_12_2015,Det-2,191,a,OTU1
plate8.F11,F11,15_12_2015,Det-2,191,a,OTU1
plate8.F12,F12,15_12_2015,Det-2,191,a,OTU1
plate8.F2,F2,15_12_2015,Det-2,195,b,OTU1
plate8.F3,F3,15_12_2015,Det-2,213,b,OTU1
plate8.F4,F4,15_12_2015,Det-2,213,b,OTU1
plate8.F5,F5,15_12_2015,Det-2,213,b,OTU1
plate8.F8,F8,15_12_2015,Det-2,222,a,OTU1
plate8.G1,G1,15_12_2015,Det-2,193,a,OTU3
plate8.G10,G10,15_12_2015,Det-2,205,b,OTU2
plate8.G2,G2,15_12_2015,Det-2,216,a,OTU3
plate8.G3,G3,15_12_2015,Det-2,209,b,OTU1
plate8.G4,G4,15_12_2015,Det-2,200,b,OTU3
plate8.G5,G5,15_12_2015,Det-2,219,a,OTU3
plate8.G6,G6,15_12_2015,Det-2,211,b,OTU1
plate8.G7,G7,15_12_2015,Det-2,215,a,OTU1
plate8.G8,G8,15_12_2015,Det-2,213,b,OTU3
plate8.G9,G9,15_12_2015,Det-2,189,a,OTU2
plate8.H1,H1,15_12_2015,Det-2,193,a,OTU3
plate8.H2,H2,15_12_2015,Det-2,216,a,OTU3
plate8.H3,H3,15_12_2015,Det-2,216,a,OTU2
plate8.H4,H4,15_12_2015,Det-2,209,b,OTU1
plate8.H5,H5,15_12_2015,Det-2,200,b,OTU3
plate8.H6,H6,15_12_2015,Det-2,219,a,OTU3
plate8.H7,H7,15_12_2015,Det-2,211,b,OTU1
plate8.H8,H8,15_12_2015,Det-2,215,a,OTU1
plate8.H9,H9,15_12_2015,Det-2,213,b,OTU3
plate9.A1,A1,11_12_2015,Eyach,107,a,OTU1
plate9.A10,A10,11_12_2015,Eyach,175,b,OTU1
plate9.A11,A11,11_12_2015,Eyach,171,b,OTU1
plate9.A2,A2,15_12_2015,Det-2,216,a,OTU1
plate9.A3,A3,15_12_2015,Det-2,216,a,OTU1
plate9.A4,A4,11_12_2015,Eyach,160,b,OTU1
plate9.A5,A5,11_12_2015,Eyach,101,a,OTU1
plate9.A6,A6,11_12_2015,Eyach,97,a,OTU1
plate9.A7,A7,11_12_2015,Eyach,97,a,OTU1
plate9.A8,A8,11_12_2015,Eyach,136,a,OTU1
plate9.A9,A9,11_12_2015,Eyach,149,b,OTU1
plate9.B1,B1,11_12_2015,Eyach,107,a,OTU1
plate9.B10,B10,11_12_2015,Eyach,175,b,OTU1
plate9.B11,B11,11_12_2015,Eyach,171,b,OTU1
plate9.B12,B12,11_12_2015,Eyach,124,a,OTU1
plate9.B2,B2,11_12_2015,Eyach,107,a,OTU1
plate9.B3,B3,11_12_2015,Eyach,160,b,OTU1
plate9.B4,B4,11_12_2015,Eyach,160,b,OTU1
plate9.B5,B5,11_12_2015,Eyach,101,a,OTU1
plate9.B6,B6,11_12_2015,Eyach,97,a,OTU1
plate9.B7,B7,11_12_2015,Eyach,97,a,OTU1
plate9.B8,B8,11_12_2015,Eyach,136,a,OTU1
plate9.B9,B9,11_12_2015,Eyach,149,b,OTU1
plate9.C1,C1,11_12_2015,Eyach,116,a,OTU1
plate9.C10,C10,11_12_2015,Eyach,137,a,OTU1
plate9.C11,C11,11_12_2015,Eyach,152,b,OTU1
plate9.C12,C12,11_12_2015,Eyach,124,a,OTU1
plate9.C2,C2,11_12_2015,Eyach,182,b,OTU1
plate9.C3,C3,11_12_2015,Eyach,182,b,OTU1
plate9.C4,C4,11_12_2015,Eyach,139,a,OTU7
plate9.C5,C5,11_12_2015,Eyach,170,b,OTU1
plate9.C6,C6,11_12_2015,Eyach,170,b,OTU1
plate9.C7,C7,11_12_2015,Eyach,159,b,OTU1
plate9.C8,C8,11_12_2015,Eyach,137,a,OTU1
plate9.C9,C9,11_12_2015,Eyach,137,a,OTU1
plate9.D1,D1,11_12_2015,Eyach,116,a,OTU1
plate9.D10,D10,11_12_2015,Eyach,137,a,OTU3
plate9.D12,D12,11_12_2015,Eyach,152,b,OTU1
plate9.D2,D2,11_12_2015,Eyach,182,b,OTU1
plate9.D3,D3,11_12_2015,Eyach,182,b,OTU1
plate9.D4,D4,11_12_2015,Eyach,139,a,OTU4
plate9.D5,D5,11_12_2015,Eyach,170,b,OTU1
plate9.D6,D6,11_12_2015,Eyach,170,b,OTU1
plate9.D7,D7,11_12_2015,Eyach,159,b,OTU1
plate9.D8,D8,11_12_2015,Eyach,137,a,OTU1
plate9.D9,D9,11_12_2015,Eyach,137,a,OTU1
plate9.E1,E1,11_12_2015,Eyach,98,a,OTU1
plate9.E10,E10,11_12_2015,Eyach,114,a,OTU1
plate9.E11,E11,11_12_2015,Eyach,114,a,OTU1
plate9.E2,E2,11_12_2015,Eyach,108,a,OTU1
plate9.E3,E3,11_12_2015,Eyach,108,a,OTU1
plate9.E4,E4,11_12_2015,Eyach,123,a,OTU1
plate9.E5,E5,11_12_2015,Eyach,135,a,OTU1
plate9.E6,E6,11_12_2015,Eyach,99,a,OTU1
plate9.E7,E7,11_12_2015,Eyach,99,a,OTU1
plate9.E8,E8,11_12_2015,Eyach,115,a,OTU1
plate9.E9,E9,11_12_2015,Eyach,106,a,OTU1
plate9.F1,F1,11_12_2015,Eyach,98,a,OTU1
plate9.F10,F10,11_12_2015,Eyach,114,a,OTU1
plate9.F11,F11,11_12_2015,Eyach,114,a,OTU1
plate9.F2,F2,11_12_2015,Eyach,108,a,OTU1
plate9.F3,F3,11_12_2015,Eyach,108,a,OTU1
plate9.F4,F4,11_12_2015,Eyach,123,a,OTU1
plate9.F5,F5,11_12_2015,Eyach,135,a,OTU1
plate9.F6,F6,11_12_2015,Eyach,99,a,OTU1
plate9.F7,F7,11_12_2015,Eyach,99,a,OTU1
plate9.F8,F8,11_12_2015,Eyach,115,a,OTU1
plate9.F9,F9,11_12_2015,Eyach,106,a,OTU1
plate9.G1,G1,11_12_2015,Eyach,158,b,OTU1
plate9.G10,G10,11_12_2015,Eyach,126,a,OTU1
plate9.G12,G12,11_12_2015,Eyach,142,b,OTU1
plate9.G2,G2,11_12_2015,Eyach,93,a,OTU1
plate9.G3,G3,11_12_2015,Eyach,93,a,OTU1
plate9.G4,G4,11_12_2015,Eyach,184,b,OTU1
plate9.G5,G5,11_12_2015,Eyach,119,a,OTU1
plate9.G6,G6,11_12_2015,Eyach,132,a,OTU1
plate9.G7,G7,11_12_2015,Eyach,134,a,OTU1
plate9.G8,G8,11_12_2015,Eyach,134,a,OTU1
plate9.H1,H1,11_12_2015,Eyach,158,b,OTU1
plate9.H10,H10,11_12_2015,Eyach,126,a,OTU4
plate9.H2,H2,11_12_2015,Eyach,93,a,OTU1
plate9.H3,H3,11_12_2015,Eyach,93,a,OTU1
plate9.H4,H4,11_12_2015,Eyach,184,b,OTU1
plate9.H5,H5,11_12_2015,Eyach,132,a,OTU1
plate9.H6,H6,11_12_2015,Eyach,134,a,OTU1
plate9.H7,H7,11_12_2015,Eyach,134,a,OTU1
plate9.H8,H8,11_12_2015,Eyach,134,a,OTU4
plate9.H9,H9,11_12_2015,Eyach,172,b,OTU4